filename,original_url
page_0.html,https://www.cnn.com
page_1.html,https://www.cnn.com/entertainment/tv-shows
page_10.html,https://www.cnn.com/travel/news
page_100.html,https://www.cnn.com/2025/05/05/style/video/memorable-met-gala-moments-history-ldn-digivid
page_101.html,https://www.cnn.com/style/design
page_102.html,https://www.cnn.com/subscription
page_103.html,https://www.cnn.com/2025/05/07/entertainment/walton-goggins-white-lotus-snl-promo
page_104.html,https://www.cnn.com/travel/videos
page_105.html,https://www.cnn.com/2025/05/07/business/washington-homes-for-sale-doge-layoffs
page_106.html,https://www.cnn.com/2025/05/07/world/video/pakistan-india-conflict-defense-minister-digvid
page_107.html,https://www.cnn.com/2025/05/07/entertainment/asap-rocky-variety-interview
page_108.html,https://www.cnn.com/games/play/daily-crossword
page_109.html,https://www.cnn.com/politics/president-donald-trump-47
page_11.html,https://www.cnn.com/2025/05/07/sport/marshall-islands-football-team-climate-change-spt-intl
page_110.html,https://www.cnn.com/travel/destinations
page_111.html,https://www.cnn.com/audio/podcasts/5-things
page_112.html,https://www.cnn.com/tv/schedule/cnn
page_113.html,https://cnn.com/games
page_114.html,https://www.cnn.com/entertainment/movies
page_115.html,https://www.cnn.com/2025/05/06/health/fungal-superbug-threat-wellness
page_116.html,https://www.cnn.com/science
page_117.html,https://www.cnn.com/2025/05/05/style/rihanna-pregnancy-announcement-met-gala
page_118.html,https://www.cnn.com/world/africa
page_119.html,https://cnn.com/games
page_12.html,https://www.cnn.com/2025/05/06/europe/merz-chancellor-german-parliament-intl
page_120.html,https://www.cnn.com/politics
page_121.html,https://www.cnn.com/audio/podcasts/the-assignment/episodes/8effd5b6-4b94-11ef-ba2a-03320e72bce3
page_122.html,https://www.cnn.com/world/asia
page_123.html,https://www.cnn.com/health/life-but-better/sleep
page_124.html,https://www.cnn.com/science/unearthed
page_125.html,https://www.cnn.com/2025/05/03/science/video/snake-bite-expert-universal-antivenom-digvid
page_126.html,https://www.cnn.com/interactive/life-but-better/
page_127.html,https://www.cnn.com/2025/05/01/world/gallery/photos-this-week-april-24-may-2
page_128.html,https://www.cnn.com/travel/food-and-drink
page_129.html,https://www.cnn.com/world/live-news/india-pakistan-attack-kashmir-tourists-intl-hnk
page_13.html,https://www.cnn.com/business/videos
page_130.html,https://www.cnn.com/health/life-but-better/food
page_131.html,https://www.cnn.com/2025/05/05/style/met-gala-2025-red-carpet-fashion
page_132.html,https://www.cnn.com/2025/04/24/style/china-goldin-finance-117-construction-resumes-hnk-intl
page_133.html,https://www.cnn.com/2025/05/07/business/trade-deal-trump
page_134.html,https://www.cnn.com/world/photos
page_135.html,https://www.cnn.com/2025/05/02/us/ntsb-investigation-dca-aborted-landings
page_136.html,https://www.cnn.com/2025/04/21/europe/pope-francis-obituary-intl
page_137.html,https://www.cnn.com/newsletters/nightcap
page_138.html,https://www.cnn.com/entertainment
page_139.html,https://www.cnn.com/cnn10
page_14.html,https://www.cnn.com/games/play/sudoblock
page_140.html,https://www.cnn.com/2025/05/07/us/newark-airport-united-flight-delays-invs
page_141.html,https://www.cnn.com/audio/podcasts/political-briefing
page_142.html,https://www.cnn.com/world/live-news/india-pakistan-operation-sindoor-05-08-25-intl-hnk
page_143.html,https://www.cnn.com/2025/04/25/travel/video/florida-keys-scuba-diving-boris-sanchez-digvid
page_144.html,https://www.cnn.com/2025/04/27/economy/tariff-stock-market-volatility-spring-home-shopping
page_145.html,https://www.cnn.com
page_146.html,https://www.cnn.com/2025/05/07/us/video/child-choking-tampa-police-department-bodycamera-digvid
page_147.html,https://www.cnn.com/health
page_148.html,https://www.cnn.com/markets/after-hours
page_149.html,https://www.cnn.com/travel/stay
page_150.html,https://www.cnn.com/style/arts
page_151.html,https://www.cnn.com/2025/05/07/us/mohammed-hoque-minnesota-state-university-mankato
page_152.html,https://www.cnn.com/2025/05/06/health/nutrition-early-menstruation-wellness
page_153.html,https://www.cnn.com/2025/04/26/health/silent-divorce-wellness
page_154.html,https://www.cnn.com/games/play/jumble-crossword-daily
page_155.html,https://www.cnn.com/weather/video
page_156.html,https://www.cnn.com/accessibility
page_157.html,https://www.cnn.com/audio/podcasts/chasing-life/episodes/97d8f85a-cd37-11ef-b277-6f33d7f08519
page_158.html,https://www.cnn.com/2025/05/07/europe/putin-victory-day-ceasefire-ukraine-latam-intl
page_159.html,https://www.cnn.com/travel
page_16.html,https://www.cnn.com/2025/05/07/politics/video/trump-india-pakistan-response-digvid
page_160.html,https://www.cnn.com/2025/05/07/us/5-things-pm-may-7-trnd
page_161.html,https://www.cnn.com/shorts/cnn-shorts
page_162.html,https://www.cnn.com/weather
page_163.html,https://www.cnn.com/business/work-transformed
page_164.html,https://www.cnn.com/travel/bhutan-american-woman-mindfulness-wellness-love
page_165.html,https://www.cnn.com/travel/flight-canceled-delayed-what-to-do
page_166.html,https://www.cnn.com/videos
page_167.html,https://www.cnn.com/business/media
page_168.html,https://www.cnn.com/2025/04/22/world/pope-francis-successor-frontrunners-intl-dg
page_169.html,https://www.cnn.com/election/2025
page_17.html,https://www.cnn.com/2025/05/07/politics/kennedy-center-les-mis-cast-boycott-trump
page_170.html,https://www.cnn.com/2025/05/07/us/video/biden-trump-russia-modern-day-appeasement-digvid
page_171.html,https://www.cnn.com/climate
page_172.html,https://www.cnn.com/2025/05/07/politics/john-roberts-event-judicial-independence
page_173.html,https://www.cnn.com/2025/05/06/business/us-china-trade-talks-switzerland-hnk-intl
page_174.html,https://www.cnn.com/2025/05/04/science/austrian-mummy-science-newsletter-wt
page_175.html,https://www.cnn.com/style/fashion
page_176.html,https://www.cnn.com/business/tech/innovate
page_177.html,https://www.cnn.com/2025/05/07/entertainment/3-doors-down-brad-arnold-cancer-diagnosis
page_178.html,https://www.cnn.com/audio/podcasts/chasing-life
page_179.html,https://www.cnn.com/2025/05/07/health/trump-surgeon-general-nesheiwat-means
page_18.html,https://www.cnn.com/2025/05/07/politics/trump-immigrants-libya-transport
page_180.html,https://www.cnn.com/2025/05/07/politics/video/john-roberts-john-boehner-supreme-court-digvid
page_181.html,https://www.cnn.com/newsletters
page_182.html,https://www.cnn.com/2025/05/07/business/your-savings-fed-rate-decision
page_183.html,https://www.cnn.com/business/tech/innovative-cities
page_184.html,https://www.cnn.com/profiles/cnn-leadership
page_185.html,https://www.cnn.com/wbd/mothers-day-cakes-that-will-show-mom-just-how-much-you-care
page_186.html,https://www.cnn.com/audio/podcasts/terms-of-service-with-clare-duffy/episodes/514b0578-25e7-11f0-a31f-afa2637aa6a4
page_187.html,https://www.cnn.com/2025/05/08/us/real-id-roll-out-summer-travel
page_188.html,https://www.cnn.com/travel/teenage-vacation-romance-reunited-years-later-chance-encounters
page_189.html,https://www.cnn.com/wbd/6-next-level-pancakes-for-a-mothers-day-brunch
page_19.html,https://www.cnn.com/business
page_190.html,https://www.cnn.com/style/videos
page_191.html,https://www.cnn.com/2025/05/07/politics/kilmar-abrego-garcia-life-el-salvador
page_193.html,https://www.cnn.com/2025/05/07/asia/operation-sindoor-india-pakistan-attack-wwk-intl-hnk
page_194.html,https://www.cnn.com/world
page_195.html,https://www.cnn.com/games/play/sudoblock
page_196.html,https://www.cnn.com/us
page_197.html,https://www.cnn.com/2025/05/07/politics/enrollment-medicaid-republican-representatives-dg
page_198.html,https://www.cnn.com/2025/05/06/science/herculaneum-scroll-title-author-decoded-intl-scli
page_199.html,https://www.cnn.com/business/financial-calculators
page_2.html,https://www.cnn.com/business/investing
page_20.html,https://www.cnn.com/2025/05/06/climate/nuclear-fusion-commonwealth-tokamak-breakthrough
page_200.html,https://www.cnn.com/business/tech
page_201.html,https://www.cnn.com/2025/05/07/politics/federal-judge-probing-trump-power-el-salvador
page_202.html,https://www.cnn.com/entertainment/celebrities
page_203.html,https://www.cnn.com/climate/solutions
page_204.html,https://www.cnn.com/subscription
page_205.html,https://www.cnn.com/world/india
page_206.html,https://www.cnn.com/audio
page_207.html,https://www.cnn.com/2025/05/07/politics/video/mike-lawler-town-hall-woman-carried-digvid
page_208.html,https://www.cnn.com/2025/05/07/economy/fed-rate-decision-may
page_209.html,https://www.cnn.com/2025/05/05/science/cosmos-482-reentry-earth
page_21.html,https://www.cnn.com/science/space
page_210.html,https://www.cnn.com/style
page_211.html,https://www.cnn.com/2025/05/07/travel/disney-earnings-new-themepark-abu-dhabi
page_212.html,https://www.cnn.com/business/tech/mission-ahead
page_213.html,https://www.cnn.com/world/europe/ukraine
page_214.html,https://www.cnn.com/world/middle-east
page_215.html,https://www.cnn.com/games/play/daily-crossword
page_216.html,https://www.cnn.com/subscription/video/flashdocs/library
page_217.html,https://www.cnn.com/2025/05/07/us/real-id-travel-dmv-passport-license
page_218.html,https://www.cnn.com/science/life
page_219.html,https://www.cnn.com/videos/live
page_22.html,https://www.cnn.com/audio/podcasts/the-account/episodes/0bf0a07a-163b-11f0-a572-2bb45c5682d8
page_220.html,https://www.cnn.com/2025/05/07/style/king-charles-coronation-portrait-painting
page_221.html,https://www.cnn.com/2025/03/18/entertainment/video/white-lotus-leslie-bibb-sam-rockwell-monologue-digvid
page_222.html,https://www.cnn.com/2025/04/16/entertainment/snl-lorne-michaels-tina-fey
page_223.html,https://www.cnn.com/2025/02/27/entertainment/mike-white-career-white-lotus
page_224.html,https://www.cnn.com/2025/03/14/entertainment/ted-lasso-season-4
page_225.html,https://www.cnn.com/2025/04/29/entertainment/shonda-rhimes-ellen-pompeo-terrified
page_226.html,https://www.cnn.com/2025/04/17/entertainment/video/entertainment-showbiz-hollywood-minute-lindsay-lohan-series-the-roses-sneak-peek-selena-gomez-award
page_227.html,https://www.cnn.com/2025/04/07/entertainment/video/entertainment-showbiz-hollywood-handmaids-tale-hulu-final-season-gilead-elisabeth-moss-bradley-whitford-samira-wiley
page_228.html,https://www.cnn.com/2025/05/04/entertainment/snl-trump-100-days-cold-open
page_229.html,https://www.cnn.com/2025/04/15/entertainment/wink-martindale-gameshow-host-death
page_23.html,https://www.cnn.com/profiles
page_230.html,https://www.cnn.com/2025/03/27/entertainment/helen-mirren-royalty-mobland
page_231.html,https://www.cnn.com/2025/04/29/entertainment/alan-alda-four-seasons-tina-fey
page_232.html,https://www.cnn.com/2025/04/21/entertainment/the-last-of-us-pedro-pascal-joel-ellie
page_233.html,https://www.cnn.com/2025/04/24/entertainment/bowen-yang-profanity-snl-ego-nwodim
page_234.html,https://www.cnn.com/2025/04/03/entertainment/hacks-forged-in-fire-season-4
page_235.html,https://www.cnn.com/2025/04/23/entertainment/jennifer-aniston-the-last-of-us
page_236.html,https://www.cnn.com/2025/04/24/entertainment/scarlett-johansson-walton-goggins-snl
page_237.html,https://www.cnn.com/2025/04/07/entertainment/cast-white-lotus-event-chelsea-ending
page_238.html,https://www.cnn.com/2025/03/10/entertainment/video/entertainment-showbiz-hollywood-minute-seth-rogen-the-studio-michelle-pfeiffer-handprints-footprints-tcm-classic-film-fest
page_239.html,https://www.cnn.com/2025/04/17/entertainment/emily-in-paris-character-missing
page_24.html,https://www.cnn.com/wbd/mothers-day-picnic-recipes-to-perfect-this-spring
page_240.html,https://www.cnn.com/2025/04/21/investing/us-stock-market
page_241.html,https://www.cnn.com/2025/03/18/investing/investing-stocks-volatile-tariffs-retirement
page_242.html,https://www.cnn.com/2025/04/09/investing/global-stock-market-reciprocal-tariffs-hnk-intl
page_243.html,https://www.cnn.com/2025/04/30/investing/us-stock-market
page_244.html,https://www.cnn.com/2025/04/29/investing/us-stock-market
page_245.html,https://www.cnn.com/2025/03/21/investing/foreign-markets-outpace-us-markets-trump
page_246.html,https://www.cnn.com/2025/04/24/investing/us-stock-market-bottom
page_247.html,https://www.cnn.com/2025/03/26/investing/copper-record-high-tariff-anxiety
page_248.html,https://www.cnn.com/2025/05/02/investing/us-stock-market
page_249.html,https://www.cnn.com/2025/04/11/investing/stock-market-dow-tariffs
page_25.html,https://www.cnn.com/travel/dominique-crenn-chef-interview-spc
page_250.html,https://www.cnn.com/2025/04/10/investing/us-stock-market-dow-tariffs
page_251.html,https://www.cnn.com/2025/05/01/investing/mcdonalds-earnings-first-quarter-2025
page_252.html,https://www.cnn.com/2025/03/31/investing/us-stocks-trump-tariff-uncertainty
page_253.html,https://www.cnn.com/2025/04/22/investing/us-stock-market
page_254.html,https://www.cnn.com/2025/04/16/investing/us-stock-market
page_255.html,https://www.cnn.com/2025/04/07/investing/stock-market-trump-tariffs
page_256.html,https://www.cnn.com/2025/04/03/investing/us-stock-market
page_257.html,https://www.cnn.com/2025/04/04/investing/stock-market-dow-tariffs
page_258.html,https://www.cnn.com/2025/04/07/investing/us-stock-market-dow-tariffs
page_259.html,https://www.cnn.com/2025/04/17/investing/us-stock-market
page_26.html,https://www.cnn.com/2025/05/07/health/ultraprocessed-food-parkinsons-disease-wellness
page_260.html,https://www.cnn.com/2025/03/28/investing/us-stocks-tariff-uncertainty-volatility
page_261.html,https://www.cnn.com/2025/05/05/investing/us-stock-market
page_262.html,https://www.cnn.com/2025/04/08/investing/us-stock-market-dow-tariffs
page_263.html,https://www.cnn.com/2025/04/14/investing/us-stock-market
page_264.html,https://www.cnn.com/2025/04/21/investing/us-stock-market-investing-overseas
page_265.html,https://www.cnn.com/2025/04/22/investing/dow-great-depression-sell-america-trade
page_266.html,https://www.cnn.com/2025/05/05/economy/real-estate-fight-private-listings
page_268.html,https://www.cnn.com/2025/05/05/economy/student-loan-debt-bnpl-credit-callout
page_269.html,https://www.cnn.com/account/log-in
page_27.html,https://www.cnn.com/account/settings
page_270.html,https://www.cnn.com/2025/05/06/economy/trade-war-tariffs-japan-china-us-debt
page_271.html,https://www.cnn.com/2025/05/06/economy/us-businesses-avoiding-tariffs
page_272.html,https://www.cnn.com/2025/02/05/middleeast/takeaways-trump-gaza-proposal-intl-hnk
page_273.html,https://www.cnn.com/2025/01/08/politics/trump-greenland-canada-panama-analysis
page_274.html,https://www.cnn.com/2019/02/27/india/india-pakistan-strikes-escalation-intl
page_275.html,https://www.cnn.com/profiles/stephen-collinson
page_276.html,https://www.cnn.com/politics/live-news/trump-president-administration-news-05-06-25
page_277.html,https://www.cnn.com/2025/05/05/asia/kashmir-valley-pakistan-india-tensions-loc-trek-intl-robertson-cmd
page_278.html,https://www.cnn.com/2025/05/06/politics/us-to-stop-strikes-on-houthis-in-yemen
page_279.html,https://www.cnn.com/follow
page_28.html,https://www.cnn.com/style/beauty
page_280.html,https://www.cnn.com/2025/02/09/politics/trump-gaza-real-estate
page_281.html,https://www.cnn.com/2020/02/24/politics/donald-trump-india-narendra-modi-trade
page_282.html,https://www.cnn.com/2025/05/01/world/what-we-know-about-trumps-ukraine-mineral-deal-intl
page_283.html,https://www.cnn.com/2025/03/19/politics/trump-peacemaker-ukraine-russia-gaza-israel
page_284.html,https://www.cnn.com/2025/05/02/politics/marco-rubio-trump-world-mike-waltz
page_285.html,https://www.cnn.com/2025/04/18/politics/steve-witkoff-trump-defacto-point-man-foreign-policy
page_286.html,https://www.cnn.com/2025/02/14/media/white-house-ap-ban-air-force-one-oval-office-gulf-of-mexico
page_287.html,https://www.cnn.com/2025/05/06/politics/gulf-of-america-resistance-house-republicans
page_288.html,https://www.cnn.com/profiles/alayna-treene
page_289.html,https://www.cnn.com/2025/05/07/business/video/advantage-oman-forum-mohammed-alardhi-investcorp-spc-intl
page_29.html,https://www.cnn.com/2025/04/18/money/how-to-protect-your-money-safe-havens
page_290.html,https://www.cnn.com/2025/05/07/business/video/the-lead-small-business-makeup-beauty-hair-tariffs-donald-trump-china-jake-tapper
page_291.html,https://www.cnn.com/2025/04/15/entertainment/harvey-weinstein-retrial
page_292.html,https://www.cnn.com/2024/04/25/us/harvey-weinstein-conviction-overturned-appeal
page_293.html,https://www.cnn.com/2022/10/27/us/metoo-five-years-later-cec
page_294.html,https://www.cnn.com/2025/04/22/americas/vatican-pope-francis-argentina-history-intl-latam
page_295.html,https://www.cnn.com/2025/04/29/americas/canada-election-results-liberal-carney-poilievre-analysis-intl
page_296.html,https://www.cnn.com/world
page_297.html,https://www.cnn.com/2025/04/20/americas/canada-election-carney-poilievre-intl-latam
page_298.html,https://www.cnn.com/world/americas/bolsonaro-hospital-surgery-latam-intl
page_299.html,https://www.cnn.com/2025/04/24/americas/dominican-nightclub-jet-set-collapse-owner-espaillat-intl-latam
page_3.html,https://www.cnn.com/markets
page_30.html,https://www.cnn.com/world/middleeast/israel
page_300.html,https://www.cnn.com/2025/04/10/americas/what-happened-dominican-republic-collapse-latam-intl
page_301.html,https://www.cnn.com/2025/04/27/world/video/canada-car-ramming-filipino-festival-vancouver-contd-digvid
page_302.html,https://www.cnn.com/2025/04/14/americas/el-salvador-cecot-gang-tattoo-intel
page_303.html,https://www.cnn.com/2025/05/05/americas/missing-siblings-canada-nova-scotia-intl-hnk
page_304.html,https://www.cnn.com/2025/04/28/americas/haiti-gang-attack-dominican-republic-intl-latam
page_305.html,https://www.cnn.com/2025/04/28/americas/canada-election-results-carney-poilievre-intl-hnk
page_306.html,https://www.cnn.com/2025/05/05/americas/heidy-sanchez-cuba-mom-deported-us-daughter-intl-latam
page_307.html,https://www.cnn.com/2025/05/04/americas/brazil-lady-gaga-bomb-plot-rio-intl-latam
page_308.html,https://www.cnn.com/2025/04/14/americas/noboa-election-ecuador-analysis-trump-latam-intl
page_309.html,https://www.cnn.com/2025/04/21/americas/ecuador-cocaine-coast-smuggling-latam
page_31.html,https://www.cnn.com/2025/05/07/health/higher-food-prices-pew-survey-wellness
page_310.html,https://www.cnn.com/2025/04/27/americas/pope-francis-argentina-dirty-war-victims-latam
page_311.html,https://www.cnn.com
page_312.html,https://www.cnn.com/2025/04/18/americas/colombia-yellow-fever-health-emergency-intl-latam
page_313.html,https://www.cnn.com/2025/04/15/americas/ecuador-us-forces-president-noboa-latam-intl
page_314.html,https://www.cnn.com/2025/05/04/world/video/trump-mexico-cartel-crackdown-narcocorridos-singers-pressure
page_315.html,https://www.cnn.com/2025/04/14/americas/brazil-jair-bolsonaro-surgery-intl
page_316.html,https://www.cnn.com/2025/04/18/americas/canada-election-trump-analysis-latam-intl
page_317.html,https://www.cnn.com/2025/05/03/americas/bolivia-plane-crash-alligator-rescue-intl
page_318.html,https://www.cnn.com/2024/08/23/politics/trump-businesses-campaign-spending-invs
page_32.html,https://www.cnn.com/us/crime-and-justice
page_320.html,https://www.cnn.com/2024/08/31/us/california-black-market-marijuana-grow-houses-invs
page_321.html,https://www.cnn.com/us
page_322.html,https://www.cnn.com/2025/01/10/us/video/eaton-fire-altadena-california-wildfire-robert-lara-kyung-lah
page_323.html,https://www.cnn.com/2024/03/13/politics/swatting-election-officials-invs
page_324.html,https://www.cnn.com/2025/04/17/us/florida-state-university-shooting-phoenix-ikner-invs
page_325.html,https://www.cnn.com/2024/11/01/politics/video/kfile-different-messages-harris-campaign-israel-gaza-ebof-digvid
page_326.html,https://www.cnn.com/interactive/2021/09/us/police-pensions-invs/
page_327.html,https://www.cnn.com/2025/04/09/politics/tulsi-gabbard-texas-hawaii-voting-residency-invs
page_328.html,https://www.cnn.com/2024/04/08/politics/coast-guard-sexual-assault-agreements-invs
page_329.html,https://www.cnn.com/2025/04/25/politics/video/trump-cabinet-wealthy-ethics-invs-digvid
page_33.html,https://www.cnn.com/2025/05/07/media/netflix-new-home-page-ai-search-vertical-video
page_330.html,https://www.cnn.com/2025/05/07/us/video/newark-airport-outage-controllers-invs
page_331.html,https://www.cnn.com/2025/01/11/politics/invs-porn-age-verification-laws-supreme-court
page_332.html,https://www.cnn.com/2024/07/18/politics/trump-shooting-rally-security-invs
page_333.html,https://www.cnn.com/2024/12/16/politics/trump-more-foreign-workers-invs
page_334.html,https://www.cnn.com/2024/07/29/politics/voter-rolls-ballot-challenges-true-the-vote-elections
page_335.html,https://www.cnn.com/2024/06/10/politics/coast-guard-official-resigns-alleges-coverup-invs
page_336.html,https://www.cnn.com/2025/03/27/politics/attorney-general-luxury-foreign-trips-invs
page_337.html,https://www.cnn.com/2024/06/11/politics/coast-guard-leader-testifies-congress-invs
page_338.html,https://www.cnn.com/2025/04/15/politics/shapiro-arson-suspect-sought-help-authorities-invs
page_339.html,https://www.cnn.com/2025/04/24/politics/donald-trump-cabinet-policy-ethics
page_34.html,https://www.cnn.com/2025/05/06/travel/sas-eurobonus-millionaires-flight-challenge
page_341.html,https://www.cnn.com/2024/07/10/business/airbnb-hidden-cameras-key-takeaways-invs
page_342.html,https://www.cnn.com/2024/05/16/us/ucla-student-protests-counterprotesters-invs
page_343.html,https://www.cnn.com/2025/01/15/us/start-of-la-fires-investigation-invs
page_344.html,https://www.cnn.com/2025/04/14/politics/cody-balmer-shapiro-arson-suspect-invs
page_345.html,https://www.cnn.com/2024/06/10/politics/va-job-cuts-frontline-worker-invs
page_346.html,https://www.cnn.com/2024/07/15/us/thomas-crooks-trump-rally-shooting-invs
page_347.html,https://www.cnn.com/interactive/2021/07/us/american-south-biomass-energy-invs/
page_348.html,https://www.cnn.com/us/cnn-investigates
page_349.html,https://www.cnn.com/2024/10/23/politics/video/trump-campaign-manager-chris-lacivita-tweets-kflile-ebof-digvid
page_35.html,https://www.cnn.com/videos
page_350.html,https://www.cnn.com/2024/09/19/politics/video/mark-robinson-porn-forum-comments-kfile-intv-lead-digvid
page_351.html,https://www.cnn.com/2024/08/10/politics/snipers-detail-breakdowns-trump-assassination-attempt-invs
page_352.html,https://www.cnn.com/2024/10/31/politics/maga-activists-preparing-undermine-election-if-trump-loses
page_353.html,https://www.cnn.com/interactive/2021/06/us/capitol-riot-paths-to-insurrection/
page_354.html,https://www.cnn.com/2024/10/23/politics/right-wing-groups-apps-document-supposed-voter-fraud
page_355.html,https://www.cnn.com/2024/12/13/politics/former-commandant-withheld-fouled-anchor-report-sex-assault-invs
page_356.html,https://www.cnn.com/2024/02/07/politics/biden-robocall-texas-strip-mall-invs
page_357.html,https://www.cnn.com/2025/03/30/politics/transportation-funds-birth-marriage-rates-invs
page_358.html,https://www.cnn.com/2025/01/10/us/california-la-fires-emergency-prep-invs
page_359.html,https://www.cnn.com/2024/09/16/politics/ryan-routh-trump-suspect-invs
page_36.html,https://www.cnn.com
page_360.html,https://www.cnn.com/2024/11/15/politics/pete-hegseth-2017-sexual-assault-allegation
page_361.html,https://www.cnn.com/2025/02/21/politics/doge-musk-edward-coristine-invs
page_362.html,https://www.cnn.com/2024/02/23/world/palestinian-americans-demand-answers-invs
page_363.html,https://www.cnn.com/us/cnn-investigates-team
page_364.html,https://www.cnn.com/2024/07/14/us/trump-rally-gunman-thomas-crooks-invs
page_365.html,https://www.cnn.com/2024/02/14/us/fertility-fraud-accidental-incest-invs
page_366.html,https://www.cnn.com/2025/04/10/politics/video/tulsi-gabbard-voting-election-residency-invs
page_367.html,https://www.cnn.com/2024/05/01/politics/gop-conservatives-hungary-cpac-orban-invs
page_368.html,https://www.cnn.com/2024/03/10/politics/pro-biden-dark-money-group-invs
page_369.html,https://www.cnn.com/2024/10/09/politics/dave-mccormick-bridgewater-pennsylvania-invs
page_37.html,https://www.cnn.com/2025/05/07/sport/haliburton-pacers-cavaliers-curry-warriors-timberwolves-nba-spt-intl
page_370.html,https://www.cnn.com/2024/08/07/politics/senate-coast-guard-sexual-assault-report-invs
page_371.html,https://www.cnn.com/2025/02/07/politics/musk-doge-staffers-federal-government-downsizing-invs
page_372.html,https://www.cnn.com/2025/04/26/politics/video/judge-pedro-colon-wisconsin-hannah-dugan-arrest-photo-patel-lah-digvid
page_373.html,https://www.cnn.com/2024/12/11/politics/noem-south-dakota-leadership-department-homeland-security-invs
page_374.html,https://www.cnn.com/2024/11/29/politics/trump-federal-agency-dc-blm
page_375.html,https://www.cnn.com/2024/07/19/politics/trump-rally-gunman-portrait-motive-invs
page_376.html,https://www.cnn.com/2024/09/18/us/video/ryan-routh-history-of-odd-behavior
page_377.html,https://www.cnn.com/2024/07/09/business/airbnb-hidden-camera-invs
page_378.html,https://www.cnn.com/2024/04/27/politics/trump-federal-workers-2nd-term-invs
page_379.html,https://www.cnn.com/2025/03/03/politics/trump-funding-cuts-usaid-nih-north-carolina-invs
page_38.html,https://www.cnn.com/sport
page_380.html,https://www.cnn.com/interactive/2022/06/politics/alex-jones-infowars-fringe-to-frontline
page_381.html,https://www.cnn.com/2024/02/01/politics/election-deepfake-threats-invs
page_382.html,https://www.cnn.com/2024/12/03/politics/video/pete-hegseth-views-military-protests-criticism-trump-kfile-ebof-digvid
page_383.html,https://www.cnn.com/2025/01/25/politics/trumps-foreign-business-partners-promoting-projects-invs
page_384.html,https://www.cnn.com/2024/08/13/politics/kentucky-startup-appharvest-jd-vance
page_385.html,https://www.cnn.com/2025/01/31/politics/trump-policy-project-2025-executive-orders-invs
page_387.html,https://www.cnn.com/2024/02/29/politics/migrant-children-sheltering-in-porta-potties-court-filing-alleges-invs
page_388.html,https://www.cnn.com/2024/01/12/politics/arizona-election-director-maga-invs
page_389.html,https://www.cnn.com/2024/03/03/politics/dark-money-searle-foundation-invs
page_39.html,https://www.cnn.com/us/tourist-helicopter-suddenly-broke-apart-and-crashed-into-the-hudson-river-ntsb-preliminary-report-finds
page_390.html,https://www.cnn.com/2024/12/09/us/luigi-mangione-what-we-know-monday
page_391.html,https://www.cnn.com/2025/04/29/politics/dea-nominee-concerns-terry-cole-invs
page_392.html,https://www.cnn.com/2025/01/30/us/dca-plane-helicopter-crash-invs
page_393.html,https://www.cnn.com/2024/10/13/politics/harris-prosecutor-scrutiny-invs
page_394.html,https://www.cnn.com/2024/02/15/politics/navy-federal-congressional-black-caucus
page_395.html,https://www.cnn.com/2025/01/01/us/shamsud-din-jabbar-suspect-new-orleans-attack
page_396.html,https://www.cnn.com/2024/05/09/business/columbia-protests-divestment-invs
page_397.html,https://www.cnn.com/2024/11/15/politics/video/pete-hegseth-sexual-assault-allegations-defense-secretary-trump-lah-ebof-digvid
page_398.html,https://www.cnn.com/business/retailers-crackdown-organized-crime-invs
page_399.html,https://www.cnn.com/2024/03/27/us/key-bridge-historic-crash-invs
page_4.html,https://www.cnn.com/2025/05/08/politics/kashmir-india-pakistan-trump
page_40.html,https://www.cnn.com/2025/05/07/entertainment/jennifer-aniston-gate-crash-felony-stalking
page_400.html,https://www.cnn.com/2024/03/17/politics/dark-money-fga-ashcroft-invs
page_401.html,https://www.cnn.com/2024/03/23/business/navy-federal-external-review-invs
page_402.html,https://www.cnn.com/us/cnn-investigates/page/2
page_403.html,https://www.cnn.com/2025/03/11/politics/opm-spokesperson-fashion-influencer-videos-invs
page_404.html,https://www.cnn.com/2024/06/24/health/study-infant-mortality-texas-invs
page_405.html,https://www.cnn.com/2025/03/31/politics/veteran-affairs-suicide-invs
page_406.html,https://www.cnn.com/interactive/2021/12/us/coal-ash-ponds-plant-barry/
page_407.html,https://www.cnn.com/2024/12/05/politics/pete-hegseth-private-turmoil-invs
page_408.html,https://www.cnn.com/2024/04/03/us/major-us-bridge-vulnerability-invs
page_409.html,https://www.cnn.com/2025/01/16/politics/trump-education-funding-invs
page_41.html,https://www.cnn.com/health/life-but-better/fitness
page_410.html,https://www.cnn.com/2025/03/19/politics/veteran-suicides-va-benefits-invs
page_411.html,https://www.cnn.com/2024/05/11/us/professors-campus-arrests-invs
page_412.html,https://www.cnn.com/2024/09/21/politics/election-security-funds-decline-threats-grow-invs
page_413.html,https://www.cnn.com/2024/06/19/politics/arizona-private-school-vouchers-invs
page_414.html,https://www.cnn.com/interactive/2022/07/politics/steve-bannon-us-democracy/
page_415.html,https://www.cnn.com/2025/03/13/politics/venezuela-tps-trump-doral-florida-invs
page_416.html,https://www.cnn.com/2025/02/05/politics/private-prisons-poised-to-expand-under-trump-invs
page_417.html,https://www.cnn.com/politics/suppressing-health-information-trump-administration-invs
page_418.html,https://www.cnn.com/2025/01/10/us/video/altadena-california-wildfire-lara-hinojosa-family-lah-lead-digvid
page_419.html,https://www.cnn.com/tips/
page_42.html,https://www.cnn.com/2025/05/06/business/tesla-sales-plunge-europe-musk
page_420.html,https://www.cnn.com/2025/04/09/politics/election-security-systems-trump-invs
page_421.html,https://www.cnn.com/2025/02/19/politics/splc-immigration-lawyers-layoffs-trump-crackdown-invs
page_422.html,https://www.cnn.com/2024/10/22/politics/video/how-elderly-dementia-patients-are-unwittingly-fueling-political-campaigns-invs
page_423.html,https://www.cnn.com/2025/01/31/us/air-traffic-control-staffing-nationwide-problem-invs
page_424.html,https://www.cnn.com/2024/10/17/politics/trump-watches-wyoming-invs
page_425.html,https://www.cnn.com/2025/01/14/us/la-fire-department-resourses-understaffed-invs
page_426.html,https://www.cnn.com/2024/09/05/us/colt-gray-suspect-georgia-shooter
page_427.html,https://www.cnn.com/2024/08/15/politics/russ-vought-project-2025-trump-secret-recording-invs
page_428.html,https://www.cnn.com/2025/02/19/politics/doge-canceled-contracts-8-billion-invs
page_429.html,https://www.cnn.com/2025/01/15/us/video/california-fires-firefighters-shortage-lah-digvid
page_43.html,https://www.cnn.com/2025/05/07/health/utah-fluoride-water-health
page_430.html,https://www.cnn.com/2024/10/04/politics/walz-audits-fraud-accountability-invs
page_431.html,https://www.cnn.com/2024/12/02/us/kansas-former-detective-roger-golubski-dies-by-suicide-invs
page_432.html,https://www.cnn.com/2024/07/03/politics/burgum-carbon-dioxide-pipeline-invs
page_433.html,https://www.cnn.com/2024/03/15/politics/texas-busing-migrants-donations-invs
page_434.html,https://www.cnn.com/2025/04/24/politics/harvard-trump-fight-billionaire-donors-invs
page_435.html,https://www.cnn.com/2025/04/11/travel/british-airways-plane-double-diversion
page_436.html,https://www.cnn.com/2025/04/14/travel/craigslist-cruise-ship-horrible-end
page_437.html,https://www.cnn.com/2025/04/04/travel/north-sentinel-island-us-tourist-arrested-intl-hnk
page_438.html,https://www.cnn.com/2025/04/05/travel/travel-news-price-hikes-airport-theory
page_439.html,https://www.cnn.com/2025/03/24/travel/yellowstone-national-park-new-thermal-vent
page_44.html,https://www.cnn.com/2025/05/06/middleeast/israel-gaza-airstrike-school-compound-intl
page_440.html,https://www.cnn.com/2025/04/26/travel/travel-news-world-tallest-bridge
page_441.html,https://www.cnn.com/2025/03/31/travel/jetstar-plane-door-bali-melbourne-intl-hnk
page_442.html,https://www.cnn.com/2025/04/15/travel/huajiang-grand-canyon-bridge-china-intl-hnk
page_443.html,https://www.cnn.com/travel/colorado-france-move-quiet-life
page_444.html,https://www.cnn.com/2025/04/09/travel/skytrax-world-best-airports-2025
page_445.html,https://www.cnn.com/2025/03/29/travel/travel-news-airbus-zeroe-new-design
page_446.html,https://www.cnn.com/2025/04/23/travel/rome-pope-francis-funeral-conclave
page_447.html,https://www.cnn.com/2025/04/28/travel/nepal-everest-permits-experienced-climbers-intl-hnk
page_448.html,https://www.cnn.com/2025/03/28/travel/jeff-bezos-venice-wedding-lauren-sanchez
page_449.html,https://www.cnn.com/2025/04/15/travel/north-korea-mount-paektu-unesco-geopark-intl-hnk
page_45.html,https://www.cnn.com/2025/05/07/business/video/money-conversations-partner-conflict-digvid
page_450.html,https://www.cnn.com/2025/05/03/travel/travel-news-florida-spain-relocation
page_451.html,https://www.cnn.com/travel/american-dream-us-couple-ecuador-children-loja
page_452.html,https://www.cnn.com/2025/04/17/travel/tuvalu-first-atm-intl-hnk
page_453.html,https://www.cnn.com/2025/04/12/travel/travel-news-crystal-cabin-award-2025
page_454.html,https://www.cnn.com/travel/new-yorker-ditched-united-states-germany
page_455.html,https://www.cnn.com/2025/04/06/travel/north-korea-to-hold-first-pyongyang-marathon-in-six-years
page_456.html,https://www.cnn.com/2025/04/03/travel/trans-people-travel-advisories-united-states
page_457.html,https://www.cnn.com/2025/03/24/travel/mother-son-breathing-machine-united-airlines
page_458.html,https://www.cnn.com/travel/nigerian-traveler-asinobi-world-record-attempt-passport-privilege-spc
page_459.html,https://www.cnn.com/2025/04/07/travel/americans-worried-travel-abroad-europe
page_46.html,https://www.cnn.com/2025/05/07/entertainment/kylie-jenner-timothee-chalamet-red-carpet
page_460.html,https://www.cnn.com/travel/uk-eta-visa-travel-2025
page_461.html,https://www.cnn.com/2025/03/24/travel/plane-turns-around-pilot-forgets-passport
page_462.html,https://www.cnn.com/travel/japan-mount-fuji-fee-test-overtourism-intl-hnk
page_463.html,https://www.cnn.com/sport/us-sports
page_464.html,https://www.cnn.com/sport/football
page_465.html,https://www.cnn.com/2025/05/02/climate/agu-ams-national-climate-assessment-trump
page_466.html,https://www.cnn.com/sport
page_467.html,https://www.cnn.com/sport/climbing
page_468.html,https://www.cnn.com/sport/tennis
page_469.html,https://www.cnn.com/sport/golf
page_47.html,https://www.cnn.com/tv/all-shows
page_470.html,https://www.cnn.com/profiles/ben-morse
page_471.html,https://www.cnn.com/sport/motorsport
page_472.html,https://www.cnn.com/sport/esports
page_473.html,https://www.cnn.com/2025/04/17/sport/fifa-gianni-infantino-club-world-cup-spt-intl
page_474.html,https://www.cnn.com/2022/03/03/opinions/russia-germany-military-deal-scholz-loss
page_475.html,https://www.cnn.com/2025/04/09/europe/germany-coalition-deal-intl
page_476.html,https://www.cnn.com/2025/02/16/europe/friedrich-merz-profile-germany-election-intl
page_477.html,https://www.cnn.com/profiles/rob-picheta
page_478.html,https://www.cnn.com/2025/05/07/business/video/advantage-oman-forum-creon-butler-chatham-house-spc-intl
page_479.html,https://www.cnn.com/2025/04/30/business/video/the-lead-craig-reaves-seafood-shrimp-president-trump-tariffs-south-carolina-jake-tapper
page_48.html,https://www.cnn.com/2025/05/05/health/marijuana-prenatal-harm-wellness
page_480.html,https://www.cnn.com/2025/04/29/business/video/the-lead-coree-carver-president-trump-tariffs-business-mangoes-market-jake-tapper
page_481.html,https://www.cnn.com/2025/05/05/business/video/middle-east-future-proofing-tourism-spc
page_482.html,https://www.cnn.com/2025/05/03/business/video/warren-buffett-comments-trade-tariffs-jack-buffington-supply-chain-expert-digvid
page_483.html,https://www.cnn.com/2025/05/01/business/video/the-lead-cara-rank-president-trump-tariffs-wedding-ceremonies-stationery-business-jake-tapper
page_484.html,https://www.cnn.com/2025/04/30/business/video/korean-air-digvid
page_485.html,https://www.cnn.com/2025/05/01/business/video/mary-barra-ceo-gm-tariffs-cnn-interview-digvid
page_486.html,https://www.cnn.com/2025/05/01/business/video/elon-musk-tesla-board-gerber-digvid
page_487.html,https://www.cnn.com/2025/05/02/business/video/anderson-intelligent-futures-longevity-05029aseg1-ctw-cnni-business-fast
page_488.html,https://www.cnn.com/2025/05/02/business/video/the-lead-jeffrey-schwab-victor-schwartz-president-trump-tariffs-wine-spirits-liquor-jake-tapper
page_489.html,https://www.cnn.com/2025/05/02/business/video/mme-clicks-may-2nd
page_490.html,https://www.cnn.com/2025/05/02/business/video/kentucky-derby-hats-business-digvid
page_491.html,https://www.cnn.com/2025/04/29/business/video/amazon-products-tariff-adam-posen-william-lee-intv-042909aseg2-ctw-cnni-business-fast
page_492.html,https://www.cnn.com/2025/05/05/business/video/tourism-comeback-middle-east-spc
page_493.html,https://www.cnn.com/2025/04/30/business/video/jim-farley-ceo-ford-tariffs-cnn-interview-digvid
page_494.html,https://www.cnn.com/2025/05/06/business/video/jon-stewart-late-night-laugh-trump-alcatraz-news-distraction-digvid
page_495.html,https://www.cnn.com/2025/05/05/business/video/trump-supporting-business-owner-tariffs-lead-digvid
page_496.html,https://www.cnn.com/2025/05/05/business/video/the-lead-donald-trump-tariffs-clothes-china-mexico-cuts-us-jake-tapper
page_497.html,https://www.cnn.com/2025/04/30/business/video/how-rich-is-the-ivy-league-digvid
page_498.html,https://www.cnn.com/2025/04/30/business/video/art-hogan-mkt-strategist-biden-blame-economy-digvid
page_499.html,https://www.cnn.com/2025/05/06/business/video/the-lead-small-business-china-tariffs-donald-trump-import-factory-lithium-battery-jake-tapper
page_5.html,https://www.cnn.com/2025/05/07/politics/trump-persian-gulf-change
page_50.html,https://www.cnn.com/2025/05/03/us/deportation-asylum-tucson-guatemalan-woman-birth
page_51.html,https://www.cnn.com/style/luxury
page_52.html,https://www.cnn.com/audio/podcasts/tug-of-war
page_53.html,https://www.cnn.com/2025/05/06/science/t-rex-ancestors-asia-study-scli-intl
page_54.html,https://help.cnn.com/us
page_55.html,https://www.cnn.com/world/australia
page_56.html,https://www.cnn.com/politics/fact-check
page_57.html,https://www.cnn.com/polling
page_58.html,https://www.cnn.com/2025/05/06/politics/second-us-navy-jet-is-lost-at-sea
page_59.html,https://www.cnn.com/business/tech/foreseeable-future
page_6.html,https://www.cnn.com/2025/05/07/tech/apple-ai-search-safari-potential-blow-for-google
page_60.html,https://www.cnn.com/2022/07/26/world/gallery/pope-francis
page_61.html,https://www.cnn.com/style/architecture
page_62.html,https://www.cnn.com/markets/premarkets
page_63.html,https://www.cnn.com/business/markets/nightcap
page_64.html,https://www.cnn.com/audio/podcasts/axe-files
page_65.html,https://www.cnn.com/wbd/food-network
page_66.html,https://www.cnn.com/health/life-but-better/mindfulness
page_67.html,https://www.cnn.com/travel/bookstores-bar-restaurant-coffee-aesthetic
page_68.html,https://www.cnn.com/2025/05/07/us/columbia-university-library-protest
page_69.html,https://www.cnn.com/audio/podcasts/one-thing/episodes/9136d694-29c6-11ef-8cc2-ab0f0777105d
page_7.html,https://www.cnn.com/2025/05/07/entertainment/ex-model-harvey-weinstein-retrial
page_70.html,https://www.cnn.com/audio/podcasts/the-assignment
page_71.html,https://www.cnn.com/games/play/gd-sudoku-a197ee3904d04e9d8b64dcd9fa3ace63
page_72.html,https://www.cnn.com/audio/podcasts/one-thing
page_73.html,https://www.cnn.com/sport/paris-olympics-2024
page_75.html,https://www.cnn.com/2025/05/07/health/measles-cases-one-thousand-us
page_76.html,https://www.cnn.com/2025/05/07/politics/vance-russia-ukraine-talks
page_77.html,https://www.cnn.com/world/united-kingdom
page_78.html,https://www.cnn.com/health/life-but-better/relationships
page_79.html,https://www.cnn.com/2025/05/07/us/tyre-nichols-memphis-officers-trial
page_8.html,https://www.cnn.com/world/americas
page_80.html,https://www.cnn.com/audio/podcasts/all-there-is-with-anderson-cooper
page_81.html,https://www.cnn.com/2025/05/07/middleeast/gaza-hostages-trump
page_82.html,https://www.cnn.com/2025/05/07/politics/medicaid-republicans-divided-house-trump-bill
page_83.html,https://www.cnn.com/2025/04/17/us/gallery/oklahoma-city-bombing
page_84.html,https://www.cnn.com/videos/fast/cnn-headlines
page_86.html,https://www.cnn.com
page_87.html,https://www.cnn.com/2025/05/07/world/video/kashmir-violence-history-explainer-yeung-ldn-digvid
page_88.html,https://www.cnn.com/world/china
page_89.html,https://arabic.cnn.com/
page_9.html,https://www.cnn.com/us/cnn-investigates
page_90.html,https://www.cnn.com/markets/fear-and-greed
page_91.html,https://www.cnn.com/2025/05/07/world/video/papal-conclave-american-nuns-ebof-vrtc
page_92.html,https://www.cnn.com/2025/05/06/style/kamala-harris-surprise-appearance-met-gala
page_93.html,https://www.cnn.com/2025/04/21/world/gallery/pope-francis-death-reaction
page_94.html,https://www.cnn.com/2025/05/07/business/video/disney-abu-dhabi-anderson-digvid
page_95.html,https://www.cnn.com/2025/04/25/business/how-likely-are-you-to-be-audited-by-the-irs
page_96.html,https://www.cnn.com/about
page_97.html,https://www.cnn.com/world/europe
page_98.html,https://www.cnn.com/follow
page_99.html,https://www.cnn.com/2025/05/05/science/uturuncu-zombie-volcano-erupt
