Original URL,PageRank Score
https://www.cnn.com/about,0.02093999121816074
https://www.cnn.com/newsletters,0.017604671434656608
https://www.cnn.com/world,0.017275590135566902
https://www.cnn.com/business,0.017269411692641977
https://www.cnn.com/us,0.017267208743092694
https://www.cnn.com/politics,0.017261350387594573
https://www.cnn.com/audio,0.016491526730979048
https://www.cnn.com/accessibility,0.011561572946028071
https://www.cnn.com/audio/podcasts/chasing-life,0.008696542327649347
https://www.cnn.com/audio/podcasts/the-assignment,0.008696542327649347
https://www.cnn.com/audio/podcasts/one-thing,0.008696542327649336
https://www.cnn.com/audio/podcasts/5-things,0.008558726790954237
https://www.cnn.com/audio/podcasts/political-briefing,0.008558726790954237
https://www.cnn.com/audio/podcasts/tug-of-war,0.008558726790954237
https://www.cnn.com/audio/podcasts/axe-files,0.008558726790954237
https://www.cnn.com/audio/podcasts/all-there-is-with-anderson-cooper,0.008558726790954237
https://www.cnn.com/interactive/life-but-better/,0.007933652638150664
https://www.cnn.com/cnn10,0.007933652638150664
https://www.cnn.com/shorts/cnn-shorts,0.007933652638150664
https://www.cnn.com/business/videos,0.007879623345167631
https://www.cnn.com/business/investing,0.00787962334516763
https://www.cnn.com/world/americas,0.007876414189448453
https://www.cnn.com/entertainment/tv-shows,0.00787491908687598
https://www.cnn.com/travel,0.00787333357997328
https://www.cnn.com/sport/paris-olympics-2024,0.007869925297846152
https://www.cnn.com/world/asia,0.00786992529784615
https://www.cnn.com/health,0.00786992529784615
https://www.cnn.com/markets/fear-and-greed,0.007869317513407774
https://www.cnn.com/business/financial-calculators,0.007869317513407772
https://www.cnn.com/politics/fact-check,0.007869184686938388
https://www.cnn.com/markets,0.00786869802413403
https://www.cnn.com/markets/premarkets,0.00786869802413403
https://www.cnn.com/world/china,0.00786869802413403
https://www.cnn.com/world/europe,0.00786869802413403
https://www.cnn.com/markets/after-hours,0.007868698024134028
https://www.cnn.com/business/media,0.007868698024134028
https://www.cnn.com/world/india,0.007868698024134028
https://www.cnn.com/world/united-kingdom,0.007868066488616288
https://www.cnn.com/entertainment,0.007868066488616286
https://www.cnn.com/business/tech,0.00786742255203785
https://www.cnn.com/style,0.00786742255203785
https://www.cnn.com/style/fashion,0.0078660959853635
https://www.cnn.com/entertainment/celebrities,0.007865412572408732
https://www.cnn.com/travel/food-and-drink,0.007864715191134833
https://www.cnn.com/weather,0.007864715191134833
https://www.cnn.com/world/middle-east,0.007864715191134833
https://www.cnn.com/us/crime-and-justice,0.007864715191134833
https://www.cnn.com/videos/fast/cnn-headlines,0.00786400340887104
https://www.cnn.com/travel/videos,0.007864003408871039
https://www.cnn.com/world/africa,0.007864003408871039
https://www.cnn.com/style/arts,0.007864003408871039
https://www.cnn.com/videos,0.007864003408871039
https://www.cnn.com/style/videos,0.007864003408871039
https://www.cnn.com/world/australia,0.007864003408871039
https://www.cnn.com/style/architecture,0.007864003408871039
https://www.cnn.com/style/design,0.007863276774890772
https://www.cnn.com/travel/destinations,0.007863276774890772
https://www.cnn.com/entertainment/movies,0.007863276774890772
https://www.cnn.com/travel/stay,0.007863276774890772
https://www.cnn.com/weather/video,0.007863276774890772
https://www.cnn.com/style/beauty,0.007863276774890772
https://www.cnn.com/style/luxury,0.007863276774890772
https://www.cnn.com/travel/news,0.007802030817407122
https://www.cnn.com/account/settings,0.007591650091448409
https://www.cnn.com/games/play/sudoblock,0.007557187839101201
https://www.cnn.com/games/play/jumble-crossword-daily,0.007557187839101201
https://www.cnn.com/games/play/gd-sudoku-a197ee3904d04e9d8b64dcd9fa3ace63,0.007557187839101201
https://www.cnn.com/us/cnn-investigates,0.00752612701387076
https://www.cnn.com/politics/president-donald-trump-47,0.007499745888891465
https://www.cnn.com/election/2025,0.007496065348640127
https://www.cnn.com/science,0.007492842629903693
https://www.cnn.com/world/europe/ukraine,0.007492842629903693
https://www.cnn.com/world/middleeast/israel,0.007492842629903693
https://www.cnn.com/health/life-but-better/sleep,0.0074921917044274665
https://www.cnn.com/health/life-but-better/food,0.0074921917044274665
https://www.cnn.com/world/photos,0.0074921917044274665
https://www.cnn.com/health/life-but-better/fitness,0.0074921917044274665
https://www.cnn.com/health/life-but-better/mindfulness,0.0074921917044274665
https://www.cnn.com/health/life-but-better/relationships,0.0074921917044274665
https://www.cnn.com/climate,0.007492191704427465
https://www.cnn.com/tv/schedule/cnn,0.007491527474651322
https://www.cnn.com/science/unearthed,0.007491527474651322
https://www.cnn.com/profiles,0.007491527474651322
https://www.cnn.com/profiles/cnn-leadership,0.007490849528472933
https://www.cnn.com/climate/solutions,0.007490849528472933
https://www.cnn.com/subscription/video/flashdocs/library,0.007490849528472933
https://www.cnn.com/business/work-transformed,0.007490157436592512
https://www.cnn.com/business/tech/innovate,0.007490157436592512
https://www.cnn.com/business/tech/innovative-cities,0.007490157436592512
https://www.cnn.com/science/space,0.007490157436592512
https://www.cnn.com/business/tech/mission-ahead,0.007490157436592512
https://www.cnn.com/science/life,0.007490157436592512
https://www.cnn.com/polling,0.007490157436592512
https://www.cnn.com/business/tech/foreseeable-future,0.007490157436592512
https://www.cnn.com/business/markets/nightcap,0.007490157436592512
https://www.cnn.com,0.007354364892649881
https://www.cnn.com/2025/05/07/business/trade-deal-trump,0.0015094749030060417
https://www.cnn.com/2025/05/07/economy/fed-rate-decision-may,0.001443810795972723
https://www.cnn.com/audio/podcasts/one-thing/episodes/9136d694-29c6-11ef-8cc2-ab0f0777105d,0.001295216768058793
https://www.cnn.com/audio/podcasts/the-assignment/episodes/8effd5b6-4b94-11ef-ba2a-03320e72bce3,0.0012952167680587926
