URL,Outlinks,Language,Filename
https://www.deutschland.de/de,144,de,repository\deutschland_de\page_0.html
https://www.deutschland.de/de/topic/wirtschaft/fachkraefte-ankommen-in-deutschland,57,de,repository\deutschland_de\page_1.html
https://www.deutschland.de/de/videos,59,en,repository\deutschland_de\page_2.html
https://www.deutschland.de/de/topic/leben/deutschlands-beliebteste-biere,53,de,repository\deutschland_de\page_3.html
https://www.deutschland.de/de/news/lauterbach-pandemien-leichter-eindaemmen,50,de,repository\deutschland_de\page_4.html
https://www.deutschland.de/de/schnitzel-smalltalk,63,de,repository\deutschland_de\page_5.html
https://www.deutschland.de/de/datenschutzerklaerung,47,de,repository\deutschland_de\page_6.html
https://www.deutschland.de/de/topic/kultur/erich-kaestner-autor-portrait,51,de,repository\deutschland_de\page_7.html
https://www.deutschland.de/de/videos/eu-sets-course-in-tariff-dispute-with-the-usa,48,de,repository\deutschland_de\page_8.html
https://www.deutschland.de/de/topic/leben/deutschland-und-autobahn-tempolimit-und-wirklichkeit,52,de,repository\deutschland_de\page_9.html
https://www.deutschland.de/de/topic/politik/desinformation-cyberangriffe-deutschland,58,de,repository\deutschland_de\page_10.html
https://www.deutschland.de/de/deutschland-in-den-vereinten-nationen,99,de,repository\deutschland_de\page_11.html
https://www.deutschland.de/de/topic/kultur/johann-wolfgang-von-goethe-ein-portraet,58,de,repository\deutschland_de\page_12.html
https://www.deutschland.de/de/topic/leben/mobilitaet-und-reise,60,de,repository\deutschland_de\page_13.html
https://www.deutschland.de/de/topic/leben/neu-in-deutschland-kontakte-knuepfen-und-freunde-finden,57,de,repository\deutschland_de\page_14.html
https://www.deutschland.de/de/news/ansprache-des-kuenftigen-bundeskanzlers-merz,46,de,repository\deutschland_de\page_15.html
https://www.deutschland.de/de/BetterTogether-Deutschland-als-globaler-Partner,74,de,repository\deutschland_de\page_16.html
https://www.deutschland.de/de/topic/wirtschaft/logistik-in-deutschland-lieferketten-transport-planung,59,de,repository\deutschland_de\page_17.html
https://www.deutschland.de/de/migration-und-integration,87,de,repository\deutschland_de\page_18.html
https://www.deutschland.de/de/videos/desert-flag-manoeuvre-german-fighter-jets-take-off-for-the-middle-east,48,de,repository\deutschland_de\page_19.html
https://www.deutschland.de/de/topic/kultur/international-rescue-committee-deutschland,56,de,repository\deutschland_de\page_20.html
https://www.deutschland.de/pl,136,pl,repository\deutschland_de\page_21.html
https://www.deutschland.de/de/topic/wissen/der-daad-stipendien-deutschland-ausland,55,de,repository\deutschland_de\page_22.html
https://www.deutschland.de/de/topic/wirtschaft/arbeiten-in-deutschland-erzieherin-aus-kolumbien,57,de,repository\deutschland_de\page_23.html
https://www.deutschland.de/de/region/israel,104,de,repository\deutschland_de\page_24.html
https://www.deutschland.de/de/topic/wissen/daad-100-jahre-stimmen-von-alumni,60,de,repository\deutschland_de\page_25.html
https://www.deutschland.de/de/topic/wirtschaft/hotelfachkraft-in-deutschland-von-aegypten-in-den-schwarzwald,59,de,repository\deutschland_de\page_26.html
https://www.deutschland.de/de/topic/kultur/johannes-gutenberg-erfindung-des-buchdrucks,52,de,repository\deutschland_de\page_27.html
https://www.deutschland.de/de/videos/germany-is-planning-a-moon-mission-with-german-participation,48,de,repository\deutschland_de\page_28.html
https://www.deutschland.de/de/topic/wirtschaft/arbeiten-in-deutschland-it-managerin-aus-indien,59,de,repository\deutschland_de\page_29.html
https://www.deutschland.de/de/news/abschiedsbesuch-scholz-bei-tusk,51,de,repository\deutschland_de\page_30.html
https://www.deutschland.de/de/region/europa,52,de,repository\deutschland_de\page_31.html
https://www.deutschland.de/de/topic/politik/jubilaeum-deutschland-israel-diplomatie,51,de,repository\deutschland_de\page_32.html
https://www.deutschland.de/de/reisen-in-deutschland,139,de,repository\deutschland_de\page_33.html
https://www.deutschland.de/de/topic/wirtschaft/in-sieben-schritten-zum-job-in-deutschland,54,de,repository\deutschland_de\page_34.html
https://www.deutschland.de/es,132,en,repository\deutschland_de\page_35.html
https://www.deutschland.de/de/news,59,de,repository\deutschland_de\page_36.html
https://www.deutschland.de/de/form/contact,47,de,repository\deutschland_de\page_37.html
https://www.deutschland.de/de/humanitaere-hilfe,100,de,repository\deutschland_de\page_38.html
https://www.deutschland.de/de/topic/leben/anne-frank-und-ihr-tagebuch,57,de,repository\deutschland_de\page_39.html
https://www.deutschland.de/de/newsletter-deutschland,41,de,repository\deutschland_de\page_40.html
https://www.deutschland.de/de/topic/leben/traumaforschung-hilfe-fuer-gefluechtete,54,de,repository\deutschland_de\page_41.html
https://www.deutschland.de/de/region/asien-und-pazifik,51,de,repository\deutschland_de\page_42.html
https://www.deutschland.de/de/topic/kultur/desinformation-pressefreiheit-medien-vertrauen,46,de,repository\deutschland_de\page_43.html
https://www.deutschland.de/de/deutsch-lernen,94,de,repository\deutschland_de\page_44.html
https://www.deutschland.de/de/erklaerung-zur-barrierefreiheit,48,de,repository\deutschland_de\page_45.html
https://www.deutschland.de/de/topic/wirtschaft/logistik-ki-deutschland-lieferketten,56,de,repository\deutschland_de\page_46.html
https://www.deutschland.de/de/region/china,51,de,repository\deutschland_de\page_47.html
https://www.deutschland.de/de/topic/politik/koalitionsvertrag-neue-bundesregierung-deutschland-ueberblick,58,de,repository\deutschland_de\page_48.html
https://www.deutschland.de/de/topic/politik/entwicklung-und-dialog,60,de,repository\deutschland_de\page_49.html
https://www.deutschland.de/de/topic/wissen/studieren-in-deutschland-kospie-daad-lateinamerika,50,de,repository\deutschland_de\page_50.html
https://www.deutschland.de/de/deutscher-pavillon-expo-osaka-japan,54,de,repository\deutschland_de\page_51.html
https://www.deutschland.de/de/topic/wissen,63,de,repository\deutschland_de\page_52.html
https://www.deutschland.de/de/videoseite-deutschlandde-in-gebaerdensprache,38,de,repository\deutschland_de\page_53.html
https://www.deutschland.de/de/topic/kultur/franz-kafka-todestag-3-juni-1924,53,de,repository\deutschland_de\page_54.html
https://www.deutschland.de/de/digitalmagazin-ankommen-in-deutschland,60,de,repository\deutschland_de\page_55.html
https://www.deutschland.de/de/topic/wissen/daad-jubilaeumstreffen-heidelberg,55,de,repository\deutschland_de\page_56.html
https://www.deutschland.de/de/topic/leben/ostern-in-deutschland-traditionen,51,de,repository\deutschland_de\page_57.html
https://www.deutschland.de/en/topic/business/further-training,42,en,repository\deutschland_de\page_58.html
https://www.deutschland.de/de/topic/politik/meinungsfreiheit-deutschland-recht-gesetz-j-d-vance,58,de,repository\deutschland_de\page_59.html
https://www.deutschland.de/de/news/koelner-dom-strahlt-zu-ostern-in-neuem-licht,44,de,repository\deutschland_de\page_60.html
https://www.deutschland.de/de/topic/leben/interkulturelle-therapie-hilfe-bei-psychischen-erkrankungen,56,de,repository\deutschland_de\page_61.html
https://www.deutschland.de/de/topic/kultur/hip-hop-und-rap-in-deutschland,55,de,repository\deutschland_de\page_62.html
https://www.deutschland.de/en/topic/life/doctors-without-borders-germany-sudan-parnian-parvanta?fbclid=PAZXh0bgNhZW0CMTEAAaZAfA68dPMOPIitI-zEQMrY99Oh8LAdhpGYZ-LVYpmG9L1uV2r3BThVgJ4_aem_hznpaP7hcBDXyTNZZq2hCg,54,en,repository\deutschland_de\page_63.html
https://www.deutschland.de/de/region/arabische-welt,51,de,repository\deutschland_de\page_64.html
https://www.deutschland.de/de/unser-servicefinder,71,de,repository\deutschland_de\page_65.html
https://www.deutschland.de/de/node/8,48,de,repository\deutschland_de\page_66.html
https://www.deutschland.de/de/autobahn-tempolimit-pro-und-contra,52,de,repository\deutschland_de\page_67.html
https://www.deutschland.de/de/topic/kultur/jazz-in-berlin-guide-festivals-clubs,57,de,repository\deutschland_de\page_68.html
https://www.deutschland.de/zh-hans,131,en,repository\deutschland_de\page_69.html
https://www.deutschland.de/de/region/afrika,52,de,repository\deutschland_de\page_70.html
https://www.deutschland.de/de/region/nordamerika,51,de,repository\deutschland_de\page_71.html
https://www.deutschland.de/de/topic/leben/hannah-arendt-banalitaet-des-boesen,54,de,repository\deutschland_de\page_72.html
https://www.deutschland.de/de/topic/kultur/musikfestivals-in-deutschland-top-10,57,de,repository\deutschland_de\page_73.html
https://www.deutschland.de/de/topic/wirtschaft,64,de,repository\deutschland_de\page_74.html
https://www.deutschland.de/de/topic/wissen/daad-praesident-joybrato-mukherjee-interview-100-jahre-daad,56,de,repository\deutschland_de\page_75.html
https://www.deutschland.de/de/topic/leben,63,de,repository\deutschland_de\page_76.html
https://www.deutschland.de/de/energiewende-umschalten-auf-zukunft,142,de,repository\deutschland_de\page_77.html
https://www.deutschland.de/de/deutschland-wirtschaft,134,de,repository\deutschland_de\page_78.html
https://www.deutschland.de/de/topic/wissen/wie-der-daad-bildung-und-forschung-global-vernetzt,57,de,repository\deutschland_de\page_79.html
https://www.deutschland.de/de/klimawandel,120,de,repository\deutschland_de\page_80.html
https://www.deutschland.de/de/fermentation-trend-deutschland-glose,55,de,repository\deutschland_de\page_81.html
https://www.deutschland.de/de/impressum,47,de,repository\deutschland_de\page_82.html
https://www.deutschland.de/de/studieren-in-deutschland,79,de,repository\deutschland_de\page_83.html
https://www.deutschland.de/de/arbeiten-in-deutschland,122,de,repository\deutschland_de\page_84.html
https://www.deutschland.de/de/news/europaeer-pochen-auf-gerechten-ausweg-aus-dem-ukraine-krieg,43,de,repository\deutschland_de\page_85.html
https://www.deutschland.de/de/topic/kultur/clara-schumann-komponistin-und-klaviervirtuosin,54,de,repository\deutschland_de\page_86.html
https://interactive.deutschland.de/epaper/epaper-Deutschland-Edition-1-2023-ENG/index.html,4,en,repository\deutschland_de\page_87.html
https://www.deutschland.de/de/topic/politik/jugenddelegierte-in-den-vereinten-nationen,55,de,repository\deutschland_de\page_88.html
https://www.deutschland.de/de/topic/wissen/psychotherapie-wie-wird-man-psychotherapeut-in-deutschland,57,de,repository\deutschland_de\page_89.html
https://www.deutschland.de/de/topic/kultur/caspar-david-friedrich-250-geburtstag-und-deutsche-romantik,53,de,repository\deutschland_de\page_90.html
https://www.deutschland.de/de/kaethe-kollwitz,62,de,repository\deutschland_de\page_91.html
https://www.deutschland.de/tr,130,tr,repository\deutschland_de\page_92.html
https://www.deutschland.de/de/topic/kultur/musik-studieren-popakademie-baden-wuerttemberg,55,de,repository\deutschland_de\page_93.html
https://www.deutschland.de/de/informationen-in-leichter-sprache,49,de,repository\deutschland_de\page_94.html
https://www.deutschland.de/de/topic/politik/sophie-scholl-widerstandskaempferin-gegen-das-ns-regime,53,de,repository\deutschland_de\page_95.html
https://www.deutschland.de/de/topic/politik/deutschland-und-connex-unterstuetzen-partner,55,de,repository\deutschland_de\page_96.html
https://www.deutschland.de/de/topic/leben/leipzig-digitale-reisetipps-fuer-insider-stadtviertel-natur-mehr,54,de,repository\deutschland_de\page_97.html
https://www.tatsachen-ueber-deutschland.de/de,43,de,repository\deutschland_de\page_98.html
https://www.deutschland.de/de/topic/politik,63,de,repository\deutschland_de\page_99.html
https://www.deutschland.de/de/news/deutsche-aussenpolitik-news-des-tages,53,de,repository\deutschland_de\page_100.html
https://www.deutschland.de/de/topic/wissen/der-daad-foerderungen-stipendien-deutschland-ausland,55,de,repository\deutschland_de\page_101.html
https://www.deutschland.de/de/alltag-in-deutschland,98,de,repository\deutschland_de\page_102.html
https://www.deutschland.de/pt-br,131,en,repository\deutschland_de\page_103.html
https://www.deutschland.de/de/topic/politik/sahel-allianz-deutschland-hilft-krisenregion,54,de,repository\deutschland_de\page_104.html
https://www.deutschland.de/de/topic/leben/mobilitaet-reise/landeshauptstaedte,47,de,repository\deutschland_de\page_105.html
https://www.deutschland.de/de/topic/kultur/politische-musik-deutschland-kunstfreiheit,62,de,repository\deutschland_de\page_106.html
https://www.deutschland.de/de/topic/kultur/marlene-dietrich-hollywood-berlin-weltstar,60,de,repository\deutschland_de\page_107.html
https://www.deutschland.de/de/deutschland-auf-einen-blick,68,de,repository\deutschland_de\page_108.html
https://www.deutschland.de/fr,134,fr,repository\deutschland_de\page_109.html
https://www.deutschland.de/de/topic/kultur/thomas-mann-literatur-nobelpreis-nazi-gegner,58,de,repository\deutschland_de\page_110.html
https://www.deutschland.de/de/topic/politik/satire-in-deutschland-kunstfreiheit-humor-karneval,57,de,repository\deutschland_de\page_111.html
https://www.deutschland.de/de/app,47,de,repository\deutschland_de\page_112.html
https://www.deutschland.de/de/topic/wissen/dietrich-bonhoeffer-interview-mit-grossneffe-tobias-korenke,46,de,repository\deutschland_de\page_113.html
https://www.deutschland.de/de/topic/kultur/kultur-highlights-deutschland-2024,53,de,repository\deutschland_de\page_114.html
https://www.deutschland.de/de/topic/kultur,63,de,repository\deutschland_de\page_115.html
https://www.deutschland.de/en,138,en,repository\deutschland_de\page_116.html
https://www.deutschland.de/de/region/russland,51,de,repository\deutschland_de\page_117.html
https://www.deutschland.de/de/topic/politik/dietrich-bonhoeffer-widerstand-nazis,53,de,repository\deutschland_de\page_118.html
https://www.deutschland.de/ru,130,ru,repository\deutschland_de\page_119.html
https://www.deutschland.de/en/topic/life/new-in-germany-socializing-and-finding-friends,51,en,repository\deutschland_de\page_120.html
https://www.deutschland.de/de/region/lateinamerika,71,de,repository\deutschland_de\page_121.html
https://www.deutschland.de/de/topic/umwelt,63,de,repository\deutschland_de\page_122.html
https://www.deutschland.de/ar,130,ar,repository\deutschland_de\page_123.html
https://www.deutschland.de/de/region/polen,51,de,repository\deutschland_de\page_124.html
https://www.lefigaro.fr,505,fr,repository\lefigaro_fr\page_0.html
https://guide-achat.lefigaro.fr/sante-et-beaute,324,fr,repository\lefigaro_fr\page_1.html
https://video.lefigaro.fr/figaro/video/pape-mort/,179,fr,repository\lefigaro_fr\page_2.html
https://video.lefigaro.fr,492,fr,repository\lefigaro_fr\page_3.html
https://www.lefigaro.fr/actualite-france/francois-pape-des-pauvres-et-theologien-du-peuple-20250421,268,fr,repository\lefigaro_fr\page_4.html
https://www.lefigaro.fr/elections/resultats/alpes-maritimes-06/nice-06088/,167,fr,repository\lefigaro_fr\page_5.html
https://www.lefigaro.fr/voyages/dossier/jordanie,335,fr,repository\lefigaro_fr\page_6.html
https://www.lefigaro.fr/bons-plans/maison/tres-beau-succes-pour-le-lego-star-wars-millennium-falcon-avec-cette-nouvelle-promotion-20250417,268,fr,repository\lefigaro_fr\page_7.html
https://www.lefigaro.fr/actualite-france/mort-du-pape-francois-et-maintenant-que-va-t-il-se-passer-au-vatican-20250421,282,fr,repository\lefigaro_fr\page_8.html
https://www.lefigaro.fr/international/dossier/tensions-entre-la-russie-et-l-ukraine-tout-comprendre-a-la-menace-d-une-invasion-russe,331,fr,repository\lefigaro_fr\page_9.html
https://www.lefigaro.fr/faits-divers/universite-lyon-2-une-enquete-ouverte-apres-des-menaces-de-mort-contre-la-presidente-20250421,277,fr,repository\lefigaro_fr\page_10.html
https://tvmag.lefigaro.fr/programme-tv/programme-tnt,477,fr,repository\lefigaro_fr\page_11.html
https://www.lefigaro.fr/elections/resultats/ile-de-france/,170,fr,repository\lefigaro_fr\page_12.html
https://www.lefigaro.fr/voyages/dossier/croisieres,376,fr,repository\lefigaro_fr\page_13.html
https://www.lefigaro.fr/sports/jeux-olympiques/le-cio-salue-le-soutien-inebranlable-du-pape-francois-a-la-cause-des-jeux-olympiques-20250421,327,fr,repository\lefigaro_fr\page_14.html
https://sante.lefigaro.fr/medecine/comment-expliquer-la-soudainete-du-deces-du-pape-francois-20250421,420,fr,repository\lefigaro_fr\page_15.html
https://www.lefigaro.fr/sciences,433,fr,repository\lefigaro_fr\page_16.html
https://www.lefigaro.fr/voyages/dossier/lille,346,fr,repository\lefigaro_fr\page_17.html
https://tvmag.lefigaro.fr/programme-tv/chaine/3768/tous-les-programmes-de-figaro-tv,357,fr,repository\lefigaro_fr\page_18.html
https://www.lefigaro.fr/vox,509,fr,repository\lefigaro_fr\page_19.html
https://www.lefigaro.fr/faits-divers/dans-l-ombre-du-diabolique-arnaud-mimran-des-dettes-colossales-et-des-meurtres-sanglants-20250405,66,fr,repository\lefigaro_fr\page_20.html
https://madame.lefigaro.fr/business/actu-business/lucie-basch-fondatrice-de-too-good-to-go-les-francais-possedent-en-moyenne-2-5-tonnes-d-objets-l-equivalent-d-un-hippopotame-20250416,331,fr,repository\lefigaro_fr\page_21.html
https://www.lefigaro.fr/cinema/liu-ye-l-empereur-du-cinema-chinois-20250421,309,fr,repository\lefigaro_fr\page_22.html
https://www.lefigaro.fr/en,301,en,repository\lefigaro_fr\page_23.html
https://www.lefigaro.fr/elections/resultats/nord-59/lille-59350/,169,fr,repository\lefigaro_fr\page_24.html
https://www.lefigaro.fr/style/comment-la-nouvelle-generation-d-autobronzants-tient-enfin-ses-promesses-20250421,275,fr,repository\lefigaro_fr\page_25.html
https://www.lefigaro.fr/newsletters/la-semaine-du-figaro-marseille/be3167cc-b7df-42aa-a8f6-3ef698ac9fd7,36,fr,repository\lefigaro_fr\page_26.html
https://www.lefigaro.fr/elections/resultats/herault-34/montpellier-34172/,169,fr,repository\lefigaro_fr\page_27.html
https://sante.lefigaro.fr/maladie,891,fr,repository\lefigaro_fr\page_28.html
https://www.lefigaro.fr/lyon,442,fr,repository\lefigaro_fr\page_29.html
https://www.lefigaro.fr/voyages/guides/preservees-des-foules-et-splendides-ces-destinations-africaines-a-decouvrir-de-toute-urgence-20250421,364,fr,repository\lefigaro_fr\page_30.html
https://www.lefigaro.fr/decideurs/management/cette-entreprise-francaise-met-un-point-d-honneur-a-ce-que-ses-bureaux-soient-la-copie-conforme-de-ses-restaurants-20250421,275,fr,repository\lefigaro_fr\page_31.html
https://www.lefigaro.fr/voyages/evitez-vous-de-prendre-la-voiture-pour-les-vacances-et-ponts-de-printemps-20250421,331,fr,repository\lefigaro_fr\page_32.html
https://podcasts.lefigaro.fr,107,fr,repository\lefigaro_fr\page_33.html
https://www.lefigaro.fr/newsletters/figaro-etudiant/8df8ce6e-2c2b-11e8-a7df-a0369fee8a80,36,fr,repository\lefigaro_fr\page_34.html
https://www.lefigaro.fr/conjoncture/jean-pierre-robin-quand-la-france-ferme-des-ecoles-et-ouvre-des-prisons-coutant-un-pognon-de-dingue-20250421,308,fr,repository\lefigaro_fr\page_35.html
https://www.lefigaro.fr/flash-sport/saint-etienne-lyon-stassin-a-fait-tres-mal-a-l-ol-letexier-s-est-encore-trompe-l-entree-catastrophique-d-akouokou-les-tops-et-les-flops-20250421,438,fr,repository\lefigaro_fr\page_36.html
https://www.lefigaro.fr/international/le-vice-president-americain-jd-vance-est-arrive-en-inde-pour-parler-commerce-20250421,285,fr,repository\lefigaro_fr\page_37.html
https://madame.lefigaro.fr/bien-etre/psycho/je-ne-peux-pas-m-empecher-de-jalouser-laurent-mon-mari-charisme-amities-reussite-quand-l-envie-abime-la-relation-amoureuse-20250421,324,fr,repository\lefigaro_fr\page_38.html
https://www.lefigaro.fr/flash-actu/scandale-financier-au-vietnam-la-dirigeante-d-un-geant-de-l-immobilier-condamnee-en-appel-a-30-ans-de-prison-20250421,294,fr,repository\lefigaro_fr\page_39.html
https://www.lefigaro.fr/lefigaromagazine/les-plus-belles-photos-selectionnees-par-le-figaro-magazine-20240103,61,fr,repository\lefigaro_fr\page_40.html
https://www.lefigaro.fr/elections/resultats/gironde-33/bordeaux-33063/,167,fr,repository\lefigaro_fr\page_41.html
https://kiosque.lefigaro.fr/catalog/le-figaro/le-figaro/2025-04-22,118,fr,repository\lefigaro_fr\page_42.html
https://www.lefigaro.fr/secteur/high-tech/pour-la-recherche-en-ligne-et-l-ia-les-etats-unis-reclament-le-demantelement-de-google-20250421,268,fr,repository\lefigaro_fr\page_43.html
https://www.lefigaro.fr/plusdefigaro,512,fr,repository\lefigaro_fr\page_44.html
https://madame.lefigaro.fr/mariage,411,fr,repository\lefigaro_fr\page_45.html
https://lesvoyagesf.lefigaro.fr,56,fr,repository\lefigaro_fr\page_46.html
https://www.lefigaro.fr/international/israel-le-chef-limoge-du-shin-bet-met-en-cause-benyamin-netanyahou-20250421,284,fr,repository\lefigaro_fr\page_47.html
https://faq.lefigaro.fr/hc/fr?utm_source=faq&utm_medium=internal&utm_campaign=footer,1,en,repository\lefigaro_fr\page_48.html
https://www.lefigaro.fr/faits-divers,395,fr,repository\lefigaro_fr\page_49.html
https://www.lefigaro.fr/newsletters/la-lettre-d-info-culture-et-loisirs/8df871d4-2c2b-11e8-a7df-a0369fee8a80,36,fr,repository\lefigaro_fr\page_50.html
https://www.lefigaro.fr/vox/religion/jean-francois-colosimo-le-pape-francois-aura-ete-un-libertaire-autoritaire-20250421,273,fr,repository\lefigaro_fr\page_51.html
https://www.lefigaro.fr/actualite-france/a-buenos-aires-les-argentins-orphelins-du-pape-francois-20250422,268,fr,repository\lefigaro_fr\page_52.html
https://www.lefigaro.fr/secteur/high-tech/starter-packs-quelle-est-cette-nouvelle-tendance-qui-deferle-sur-les-reseaux-sociaux-20250412,290,fr,repository\lefigaro_fr\page_53.html
https://madame.lefigaro.fr/celebrites/culture/clovis-cornillac-je-n-aime-pas-les-miroirs-ils-ne-me-font-pas-du-bien-20250421,334,fr,repository\lefigaro_fr\page_54.html
https://www.lefigaro.fr/newsletters/faits-divers/0094ceba-b7b1-48d1-ac18-b4c29447790c,36,fr,repository\lefigaro_fr\page_55.html
https://www.lefigaro.fr/flash-actu/un-jeune-homme-tue-par-balles-a-clermont-ferrand-20250420,304,fr,repository\lefigaro_fr\page_56.html
https://www.lefigaro.fr/newsletters/bourse-placements/8df7b1e1-2c2b-11e8-a7df-a0369fee8a80,36,fr,repository\lefigaro_fr\page_57.html
https://kiosque.lefigaro.fr/catalog/madame-figaro/madame-figaro/2025-04-18,118,fr,repository\lefigaro_fr\page_58.html
https://kiosque.lefigaro.fr/catalog/madame-figaro,118,fr,repository\lefigaro_fr\page_59.html
https://www.lefigaro.fr/sports/football/ligue-1/tout-le-monde-en-france-est-d-accord-avec-moi-textor-crie-au-scandale-apres-la-faute-de-stassin-asse-qui-a-blesse-tolisso-20250421,325,fr,repository\lefigaro_fr\page_60.html
https://www.lefigaro.fr/flash-actu/etats-unis-et-philippines-entament-trois-semaines-d-exercices-militaires-20250421,294,fr,repository\lefigaro_fr\page_61.html
https://www.lefigaro.fr/societes/chimiotherapies-protheses-de-hanches-et-chirurgies-cardiaques-la-folie-des-soins-medicaux-pour-chiens-et-chats-20250420,310,fr,repository\lefigaro_fr\page_62.html
https://www.lefigaro.fr/sortir-paris,416,fr,repository\lefigaro_fr\page_63.html
https://moncompte.lefigaro.fr/mes-abonnements,10,fr,repository\lefigaro_fr\page_64.html
https://madame.lefigaro.fr/bien-etre/psycho/amitie-ces-4-profils-qui-ne-vous-font-pas-de-bien-20250420,323,fr,repository\lefigaro_fr\page_65.html
https://www.lefigaro.fr/actualite-france/mayotte-aucune-collectivite-n-a-touche-un-euro-depuis-le-passage-du-cyclone-s-indigne-le-maire-de-mamoudzou-20250421,276,fr,repository\lefigaro_fr\page_66.html
https://mentions-legales.lefigaro.fr/le-figaro/info-cookies-utiq,11,fr,repository\lefigaro_fr\page_67.html
https://jeux.lefigaro.fr,97,fr,repository\lefigaro_fr\page_68.html
https://www.lefigaro.fr/culture/patrimoine/reouverture-de-la-grotte-de-sterkfontein-le-berceau-de-l-humanite-en-afrique-du-sud-20250421,314,fr,repository\lefigaro_fr\page_69.html
https://www.lefigaro.fr/elections/resultats/bouches-du-rhone-13/marseille-13055/,187,fr,repository\lefigaro_fr\page_70.html
https://madame.lefigaro.fr/recettes/idees-menus/aperitif-dinatoire-0,417,fr,repository\lefigaro_fr\page_71.html
https://www.lefigaro.fr/sports/football/ligue-1/ligue-1-un-arbitre-touche-par-un-projectile-le-derby-saint-etienne-lyon-interrompu-20250420,326,fr,repository\lefigaro_fr\page_72.html
https://www.lefigaro.fr/voyages/dossier/new-york,385,fr,repository\lefigaro_fr\page_73.html
https://www.lefigaro.fr/sports/football/ligue-1/ligue-1-l-asse-arrache-un-derby-sous-haute-tension-lyon-reste-groggy-et-perd-gros-20250420,325,fr,repository\lefigaro_fr\page_74.html
https://www.lefigaro.fr/flash-actu/en-israel-le-chef-de-l-opposition-dit-redouter-un-meurtre-politique-20250420,295,fr,repository\lefigaro_fr\page_75.html
https://www.lefigaro.fr/sports/basket/jeux-olympiques-nba-euroligue-le-basket-francais-brille-de-mille-feux-20250421,321,fr,repository\lefigaro_fr\page_76.html
https://sante.lefigaro.fr,513,fr,repository\lefigaro_fr\page_77.html
https://avis-vin.lefigaro.fr/domaines-et-vignerons/a-saint-julien-des-vins-formidables-et-une-experience-oenotouristique-de-haute-volee-20250421,314,fr,repository\lefigaro_fr\page_78.html
https://www.lefigaro.fr/voyages/dossier/antilles,355,fr,repository\lefigaro_fr\page_79.html
https://video.lefigaro.fr/figaro/video/mort-du-pape-notre-dame-de-paris-tient-une-messe-en-hommage-au-pape-francois/,180,fr,repository\lefigaro_fr\page_80.html
https://abonnement.lefigaro.fr/lefigaro?app=Figaro&source=sticky-desktop&redirect_uri=https%3A%2F%2Fwww.lefigaro.fr%2F,13,fr,repository\lefigaro_fr\page_81.html
https://www.lefigaro.fr/international/aux-etats-unis-le-secretaire-de-la-defense-implique-dans-une-nouvelle-faille-de-securite-20250421,284,fr,repository\lefigaro_fr\page_82.html
https://www.lefigaro.fr/sports/football/transferts,459,fr,repository\lefigaro_fr\page_83.html
https://www.lefigaro.fr/style/ces-seins-obus-qui-divisent-les-trumpistes-et-les-feministes-20250421,285,fr,repository\lefigaro_fr\page_84.html
https://www.lefigaro.fr/elections/resultats/haute-garonne-31/toulouse-31555/,169,fr,repository\lefigaro_fr\page_85.html
https://madame.lefigaro.fr/tag/meghan-markle,385,fr,repository\lefigaro_fr\page_86.html
https://etudiant.lefigaro.fr/vos-etudes/etudes-secondaires/33928-resultat-du-bac-2024-retrouvez-tous-les-admis-par-academie/,165,fr,repository\lefigaro_fr\page_87.html
https://www.lefigaro.fr/actualite-france/prophetique-ou-provocateur-des-catholiques-francais-evoquent-leur-rapport-avec-le-pape-francois-20250306,270,fr,repository\lefigaro_fr\page_88.html
https://www.lefigaro.fr/voyages/vous-pourrez-vous-faire-refouler-de-ce-pays-tres-apprecie-des-francais-sauf-si-vous-anticipez-ceci-20250421,355,fr,repository\lefigaro_fr\page_89.html
https://madame.lefigaro.fr/cuisine,538,fr,repository\lefigaro_fr\page_90.html
https://www.lefigaro.fr/actualite-france/de-new-york-a-seoul-en-passant-par-gaza-la-mort-du-pape-cree-une-vague-d-emotion-a-travers-le-monde-20250421,276,fr,repository\lefigaro_fr\page_91.html
https://tvmag.lefigaro.fr/programme-tv/people/l-horoscope-gratuit-du-mardi-22-avril-2025-20250422,187,fr,repository\lefigaro_fr\page_92.html
https://www.lefigaro.fr/international/guerre-en-ukraine-donald-trump-espere-un-accord-d-ici-la-fin-de-la-semaine-20250421,284,fr,repository\lefigaro_fr\page_93.html
https://www.lefigaro.fr/politique/de-retour-a-mayotte-emmanuel-macron-face-a-ses-promesses-de-reconstruction-20250420,282,fr,repository\lefigaro_fr\page_94.html
https://www.lefigaro.fr/flash-actu/etats-unis-les-passagers-evacues-en-urgence-apres-l-incendie-d-un-reacteur-de-leur-avion-20250421,292,fr,repository\lefigaro_fr\page_95.html
https://www.lefigaro.fr/voyages/dossier/namibie,330,fr,repository\lefigaro_fr\page_96.html
https://boutique.lefigaro.fr/?redirect_uri=__uri__,91,fr,repository\lefigaro_fr\page_97.html
https://www.lefigaro.fr/international/secouristes-tues-a-gaza-la-defense-civile-palestinienne-denonce-des-executions-sommaires-20250421,286,fr,repository\lefigaro_fr\page_98.html
https://tvmag.lefigaro.fr,283,fr,repository\lefigaro_fr\page_99.html
https://www.lefigaro.fr/faits-divers/festival-d-angouleme-une-information-judiciaire-ouverte-a-la-suite-d-une-plainte-pour-viol-20250421,275,fr,repository\lefigaro_fr\page_100.html
https://madame.lefigaro.fr/celebrites/actu-people/on-commence-toujours-par-un-verre-de-blanc-pio-marmai-ouvre-les-portes-de-son-quotidien-avec-charlotte-ranson-mere-de-ses-deux-enfants-20250421,333,fr,repository\lefigaro_fr\page_101.html
https://www.lefigaro.fr/sports/football/ligue-1/saint-etienne-lyon-la-direction-technique-de-l-arbitrage-desapprouve-letexier-et-la-var-20250421,328,fr,repository\lefigaro_fr\page_102.html
https://madame.lefigaro.fr/celebrites/actu-people/jason-knauf-l-homme-qui-a-trahi-meghan-markle-rejoint-officiellement-le-camp-du-prince-william-20250419,329,fr,repository\lefigaro_fr\page_103.html
https://avis-vin.lefigaro.fr,368,fr,repository\lefigaro_fr\page_104.html
https://tvmag.lefigaro.fr/programme-tv/people/toussaint-salame-delahousse-coudray-les-tocs-des-animateurs-tele-qu-on-a-tous-remarques-20250421,191,fr,repository\lefigaro_fr\page_105.html
https://tvmag.lefigaro.fr/programme-tv/chaine/34/tous-les-programmes-de-canal,326,fr,repository\lefigaro_fr\page_106.html
https://articles.lefigaro.fr/,247,fr,repository\lefigaro_fr\page_107.html
http://kiosque.lefigaro.fr/tv-magazine,118,fr,repository\lefigaro_fr\page_108.html
https://www.lefigaro.fr/sports/cyclisme/tour-de-france/resultats/classement-general,321,fr,repository\lefigaro_fr\page_109.html
https://sante.lefigaro.fr/mieux-etre,449,fr,repository\lefigaro_fr\page_110.html
https://www.lefigaro.fr/automobile,472,fr,repository\lefigaro_fr\page_111.html
https://www.lefigaro.fr/horlogerie/les-beaux-jours-des-montres-a-recharge-solaire-20250421,273,fr,repository\lefigaro_fr\page_112.html
https://www.lefigaro.fr/sports/rugby/top-14/top-14-trop-fort-pour-le-stade-francais-toulouse-remporte-le-classique-et-reprend-ses-aises-en-tete-20250420,327,fr,repository\lefigaro_fr\page_113.html
https://www.lefigaro.fr/elections/resultats/bas-rhin-67/strasbourg-67482/,167,fr,repository\lefigaro_fr\page_114.html
https://kiosque.lefigaro.fr/catalog/le-figaro,118,fr,repository\lefigaro_fr\page_115.html
https://www.lefigaro.fr/bordeaux,430,fr,repository\lefigaro_fr\page_116.html
https://www.lefigaro.fr/actualite-france/le-pape-francois-victime-d-un-avc-20250421,274,fr,repository\lefigaro_fr\page_117.html
https://www.lefigaro.fr/vox/monde/renaud-girard-l-avenir-du-christianisme-dans-le-monde-20250421,276,fr,repository\lefigaro_fr\page_118.html
https://www.lefigaro.fr/sports,416,fr,repository\lefigaro_fr\page_119.html
https://video.lefigaro.fr/figaro/video/mort-du-pape-francois-qui-pour-lui-succeder/,182,fr,repository\lefigaro_fr\page_120.html
https://madame.lefigaro.fr/tag/brigitte-macron,374,fr,repository\lefigaro_fr\page_121.html
https://madame.lefigaro.fr/celebrites/actu-people/angelina-jolie-leonardo-dicaprio-george-clooney-en-photos-ces-stars-qui-ont-rencontre-le-pape-francois-20250421,334,fr,repository\lefigaro_fr\page_122.html
https://www.lefigaro.fr/newsletters/les-dimanches-du-figaro/d1b4d0b3-ee88-427d-b352-8a2c35fbc5bf,36,fr,repository\lefigaro_fr\page_123.html
https://www.lefigaro.fr/histoire,391,fr,repository\lefigaro_fr\page_124.html
https://www.telegraaf.nl/,181,nl,repository\telegraaf_nl\page_0.html
https://www.telegraaf.nl/nieuws/1162631304/brugse-burgemeester-na-tragisch-ongeval-waarbij-opa-73-en-kleindochter-10-overlijden-vermoedelijk-volgde-hij-blindelings-zijn-dochter,98,nl,repository\telegraaf_nl\page_1.html
https://www.telegraaf.nl/video/1556542003/faber-schijnt-het-behoorlijk-zwaar-te-hebben,96,nl,repository\telegraaf_nl\page_2.html
https://www.telegraaf.nl/lifestyle/natuur,147,nl,repository\telegraaf_nl\page_3.html
https://www.telegraaf.nl/entertainment,171,nl,repository\telegraaf_nl\page_4.html
https://www.telegraaf.nl/digitalekrant,78,nl,repository\telegraaf_nl\page_5.html
https://www.telegraaf.nl/vrouw,152,nl,repository\telegraaf_nl\page_6.html
https://www.telegraaf.nl/video/1816282022/sheriffs-ontkomen-ternauwernood-aan-aanrijding-door-suv,97,nl,repository\telegraaf_nl\page_7.html
https://www.telegraaf.nl/sport/1183271559/max-verstappen-factor-goud-waard-voor-red-bull-mc-laren-probeerde-ons-nerveus-te-maken,98,nl,repository\telegraaf_nl\page_8.html
https://www.telegraaf.nl/entertainment/568676920/countryzanger-billy-ray-cyrus-heeft-relatie-met-britse-actrice-elizabeth-hurley,101,nl,repository\telegraaf_nl\page_9.html
https://www.telegraaf.nl/financieel/carriere,148,nl,repository\telegraaf_nl\page_10.html
https://www.telegraaf.nl/sport/159286686/waarom-zwijgende-max-verstappen-zo-verrast-was-door-zijn-straf-maar-alles-wat-ik-zeg-kan-me-in-de-problemen-brengen,96,nl,repository\telegraaf_nl\page_11.html
https://www.telegraaf.nl/abonnement/abonnement-bestellen/?method=footer_sub&utm_internal=telegraaf-footerlink-eigensite-samenstellen&redirect_uri=https%3A%2F%2Fwww.telegraaf.nl%2F,7,nl,repository\telegraaf_nl\page_12.html
https://www.telegraaf.nl/podcast/1327771416/ook-bij-mc-laren-worden-nog-steeds-veel-fouten-gemaakt,191,nl,repository\telegraaf_nl\page_13.html
https://www.telegraaf.nl/sport/wielrennen,150,nl,repository\telegraaf_nl\page_14.html
https://www.telegraaf.nl/nieuws/1590130935/vrouw-stuurt-vergiftigde-paaseieren-naar-ex-familie-kind-7-overleden-twee-mensen-in-kritieke-toestand,99,nl,repository\telegraaf_nl\page_15.html
https://www.telegraaf.nl/video/664895046/deze-audiobestanden-in-zaak-ali-b-moeten-voorgelegd-worden,97,nl,repository\telegraaf_nl\page_16.html
https://www.telegraaf.nl/nieuws/familieberichten,78,nl,repository\telegraaf_nl\page_17.html
https://www.telegraaf.nl/sport/624781084/joel-piroe-maakt-vier-goals-in-40-minuten-en-helpt-leeds-united-aan-promotie-naar-premier-league,99,nl,repository\telegraaf_nl\page_18.html
https://www.telegraaf.nl/zoeken,78,nl,repository\telegraaf_nl\page_19.html
https://www.telegraaf.nl/nieuws/861415362/inclusieve-dodenherdenking-op-4-mei-met-aandacht-voor-gaza-conflict-stuit-op-weerstand-doe-dat-op-een-ander-moment,103,nl,repository\telegraaf_nl\page_20.html
https://www.telegraaf.nl/video/687938569/vuurballen-schieten-uit-motor-vliegtuig-maakt-noodlanding,95,nl,repository\telegraaf_nl\page_21.html
https://www.telegraaf.nl/sport/1874481817/emotionele-michael-van-gerwen-herpakt-zich-in-nederlandse-finale-tegen-gian-van-veen-titel-in-munchen,96,nl,repository\telegraaf_nl\page_22.html
https://www.telegraaf.nl/vrouw/horoscopen,146,nl,repository\telegraaf_nl\page_23.html
https://www.telegraaf.nl/vrouw/columns-en-opinie,145,nl,repository\telegraaf_nl\page_24.html
https://www.telegraaf.nl/nieuwsbrieven,78,nl,repository\telegraaf_nl\page_25.html
https://www.telegraaf.nl/nieuws/buitenland,141,nl,repository\telegraaf_nl\page_26.html
https://www.telegraaf.nl/entertainment/royals,148,nl,repository\telegraaf_nl\page_27.html
https://www.telegraaf.nl/nieuws/1103120219/evert-zoekt-al-een-jaar-naar-zijn-vermiste-dochter-tessa-4-het-gemis-blijft-maar-ik-hou-me-vast-aan-hoop,97,nl,repository\telegraaf_nl\page_28.html
https://www.telegraaf.nl/puzzels,119,nl,repository\telegraaf_nl\page_29.html
https://www.telegraaf.nl/nieuws/650172704/pete-hegseth-verder-in-het-nauw-opnieuw-vertrouwelijke-militaire-informatie-gelekt-via-signal,105,nl,repository\telegraaf_nl\page_30.html
https://mijn.telegraaf.nl/abonnement_bezorgadres,3,nl,repository\telegraaf_nl\page_31.html
https://www.telegraaf.nl/financieel/ondernemen,147,nl,repository\telegraaf_nl\page_32.html
https://www.telegraaf.nl/sport/334473151/az-geknakt-na-verloren-finale-knvb-beker-we-moeten-eerst-iedereen-de-ruimte-geven-voor-emoties,95,nl,repository\telegraaf_nl\page_33.html
https://www.telegraaf.nl/nieuws/binnenland,147,nl,repository\telegraaf_nl\page_34.html
https://www.telegraaf.nl/vrouw/249766498/boerin-steffi-en-roel-over-nieuw-seizoen-bzv-we-denken-te-weten-voor-wie-boer-martijn-kiest,93,nl,repository\telegraaf_nl\page_35.html
https://www.telegraaf.nl/entertainment/gossip,149,nl,repository\telegraaf_nl\page_36.html
https://www.telegraaf.nl/berichten,78,nl,repository\telegraaf_nl\page_37.html
https://mijn.telegraaf.nl,17,nl,repository\telegraaf_nl\page_38.html
https://www.telegraaf.nl/sport/897785498/excelsior-vernedert-kampioen-volendam-ik-heb-nog-nooit-zoveel-bier-gedronken-als-ik-over-me-heen-kreeg,97,nl,repository\telegraaf_nl\page_39.html
https://www.telegraaf.nl/live,132,nl,repository\telegraaf_nl\page_40.html
https://www.telegraaf.nl/nieuws/1727543176/conservatieve-kardinaal-enige-nederlander-die-in-rome-mee-mag-stemmen-over-nieuwe-paus-wim-eijk-is-streng-in-de-leer,104,nl,repository\telegraaf_nl\page_41.html
https://www.telegraaf.nl/video/29104501/dit-zijn-de-eisen-van-de-advocaat-van-ali-b,95,nl,repository\telegraaf_nl\page_42.html
https://www.telegraaf.nl/entertainment/tv,146,nl,repository\telegraaf_nl\page_43.html
https://www.telegraaf.nl/financieel/313773070/peking-waarschuwt-vergelding-tegen-landen-die-deals-sluiten-met-vs-ten-koste-van-china,109,nl,repository\telegraaf_nl\page_44.html
https://www.telegraaf.nl/verkeer,85,nl,repository\telegraaf_nl\page_45.html
https://www.telegraaf.nl/sport/schaatsen,150,nl,repository\telegraaf_nl\page_46.html
https://www.telegraaf.nl/video/749583400/na-pleidooi-voor-gekozen-burgemeester-gebrek-aan-vertrouwen-in-de-kiezer,96,nl,repository\telegraaf_nl\page_47.html
https://www.telegraaf.nl/watuzegt/1439123917/afshin-ellian-europa-is-geen-parasiet-maar-de-bron-waaruit-amerika-is-voortgekomen,100,nl,repository\telegraaf_nl\page_48.html
https://www.telegraaf.nl/vrouw/316033542/als-we-langs-de-ladies-club-lopen-trek-ik-haar-mee-naar-binnen-we-moeten-nog-iets-spannends-meemaken,97,nl,repository\telegraaf_nl\page_49.html
https://www.telegraaf.nl/vrouw/393716474/daghoroscoop-22-april-leen-geen-geld-uit-aan-iemand-die-je-zelden-ziet-kreeft,94,nl,repository\telegraaf_nl\page_50.html
https://www.telegraaf.nl/tags,247,nl,repository\telegraaf_nl\page_51.html
https://www.telegraaf.nl/sport/643879640/strafschoppenheld-jari-de-busser-van-go-ahead-eagles-ziet-jongensdroom-uitkomen-ik-speelde-een-spelletje,97,nl,repository\telegraaf_nl\page_52.html
https://www.telegraaf.nl/video/1752790949/krankzinnig-hoogbejaarde-vrouw-valt-van-zesde-verdieping,94,nl,repository\telegraaf_nl\page_53.html
https://www.telegraaf.nl/contact,78,nl,repository\telegraaf_nl\page_54.html
https://www.telegraaf.nl/apps,78,nl,repository\telegraaf_nl\page_55.html
https://www.telegraaf.nl/nieuws/2048652370/live-chef-israelische-veiligheidsdienst-netanyahu-wilde-gegevens-van-antiregeringsdemonstranten,99,nl,repository\telegraaf_nl\page_56.html
https://www.telegraaf.nl/video/281161538/moeder-mike-over-deelname-aan-winter-vol-liefde-mensen-noemden-mij-een-horrormoeder,90,nl,repository\telegraaf_nl\page_57.html
https://www.telegraaf.nl/video,162,nl,repository\telegraaf_nl\page_58.html
https://www.telegraaf.nl/video/996580198/annabel-nanninga-verstoort-live-uitzending-sorry,93,nl,repository\telegraaf_nl\page_59.html
https://www.telegraaf.nl/entertainment/2126005015/kopen-zonder-kijken-martijn-krabbe-is-stellig-kinderbedje-in-slaapkamer-verpest-seksleven,96,nl,repository\telegraaf_nl\page_60.html
https://www.telegraaf.nl/lifestyle/gezondheid,143,nl,repository\telegraaf_nl\page_61.html
https://www.telegraaf.nl/nieuws/462433240/live-poetin-rusland-staat-open-voor-directe-vredesgesprekken-met-oekraine,99,nl,repository\telegraaf_nl\page_62.html
https://www.telegraaf.nl/video/1068390141/man-tijdens-date-waarom-zit-je-hier-met-je-tengels-aan,95,nl,repository\telegraaf_nl\page_63.html
https://www.telegraaf.nl/video/1383443038/uniek-in-de-wereld-robots-lopen-mee-met-halve-marathon,90,nl,repository\telegraaf_nl\page_64.html
https://www.telegraaf.nl/archief,274,nl,repository\telegraaf_nl\page_65.html
https://www.telegraaf.nl/video/304763422/oude-man-wordt-omver-gebeukt-tijdens-arrestatie,93,nl,repository\telegraaf_nl\page_66.html
https://www.telegraaf.nl/sport/745595329/go-ahead-eagles-kwaad-op-wouter-goes-na-wangedrag-az-verdediger-tijdens-penaltyreeks,97,nl,repository\telegraaf_nl\page_67.html
https://www.telegraaf.nl/sport/2104105144/max-verstappen-en-sifan-hassan-grijpen-naast-prestigieuze-laureus-sport-award,100,nl,repository\telegraaf_nl\page_68.html
https://www.telegraaf.nl/vrouw/1237019861/praat-mee-is-naar-een-restaurant-nog-wel-leuk-met-die-hoge-prijzen-en-vaak-onbehoorlijke-gedrag-van-het-personeel,97,nl,repository\telegraaf_nl\page_69.html
https://www.telegraaf.nl/sport/106025648/go-ahead-eagles-grijpt-knvb-beker-na-zinderende-strafschoppenreeks-ten-koste-van-az,98,nl,repository\telegraaf_nl\page_70.html
https://www.telegraaf.nl/entertainment/1246240526/emma-heesters-emotioneel-bij-eerste-optreden-sinds-kankerdiagnose-net-voordat-ik-op-moest-begon-ik-te-janken,97,nl,repository\telegraaf_nl\page_71.html
https://www.telegraaf.nl/entertainment/1628013679/band-beirut-treedt-door-frontman-alleen-nog-in-europa-op-vliegangst-kan-ik-niet-overwinnen,102,nl,repository\telegraaf_nl\page_72.html
https://www.telegraaf.nl/nieuws/845593845/orkaan-van-haat-treft-christenen-voor-israel-na-video-tim-hofman-maar-aantijgingen-volstrekt-onjuist,105,nl,repository\telegraaf_nl\page_73.html
https://www.telegraaf.nl/telefoonnummers-telemarketing,78,nl,repository\telegraaf_nl\page_74.html
https://mijn.telegraaf.nl/bezorgmelding/,16,nl,repository\telegraaf_nl\page_75.html
https://mijn.telegraaf.nl/tijdelijke_wijziging/,3,nl,repository\telegraaf_nl\page_76.html
https://www.telegraaf.nl/nieuws/214900170/nederlandse-familie-bavinck-rouwt-mee-op-sint-pietersplein-hoop-dat-toekomstige-paus-lijn-franciscus-voortzet,103,nl,repository\telegraaf_nl\page_77.html
https://www.telegraaf.nl/entertainment/1832646971/na-warrig-verhaal-over-auto-ongeluk-virginia-giuffre-duikt-omstreden-prins-andrew-weer-op-comeback-in-de-maak,95,nl,repository\telegraaf_nl\page_78.html
https://www.telegraaf.nl/lifestyle/1580409144/hoe-houd-je-onkruid-weg-tussen-je-tuintegels-dit-is-een-simpele-oplossing-en-je-hoeft-niet-te-wieden,96,nl,repository\telegraaf_nl\page_79.html
https://www.telegraaf.nl/rss,0,nl,repository\telegraaf_nl\page_80.html
https://www.telegraaf.nl/sport/voetbal,143,nl,repository\telegraaf_nl\page_81.html
https://www.telegraaf.nl/financieel/stan-huygens-journaal,148,nl,repository\telegraaf_nl\page_82.html
https://www.telegraaf.nl/watuzegt/1771586478/wouter-de-winther-voorjaarsnota-is-perverse-politiek,94,nl,repository\telegraaf_nl\page_83.html
https://www.telegraaf.nl/entertainment/sterren,142,nl,repository\telegraaf_nl\page_84.html
https://www.telegraaf.nl/lifestyle/thuis-en-tuin,143,nl,repository\telegraaf_nl\page_85.html
https://www.telegraaf.nl/video/884057854/islam-groeit-in-nederland-daar-zie-je-de-spanningen-toenemen,93,nl,repository\telegraaf_nl\page_86.html
https://www.telegraaf.nl/sport/2003091569/concurrentie-van-italiaanse-topclubs-voor-feyenoord-in-strijd-om-sem-steijn,99,nl,repository\telegraaf_nl\page_87.html
https://www.telegraaf.nl/watuzegt/columns,128,nl,repository\telegraaf_nl\page_88.html
https://www.telegraaf.nl/entertainment/film,148,nl,repository\telegraaf_nl\page_89.html
https://www.telegraaf.nl/sport,191,nl,repository\telegraaf_nl\page_90.html
https://www.telegraaf.nl/nieuws,143,nl,repository\telegraaf_nl\page_91.html
https://www.telegraaf.nl/entertainment/uitgaan,149,nl,repository\telegraaf_nl\page_92.html
https://www.telegraaf.nl/watuzegt/lezersbrieven,143,nl,repository\telegraaf_nl\page_93.html
https://www.telegraaf.nl/watuzegt/1424195225/rob-hoogland-carnavalsoptocht-door-020-gaza-tijdens-de-ramadan-en-de-wereld-zou-te-klein-zijn,100,nl,repository\telegraaf_nl\page_94.html
https://www.telegraaf.nl/video/1292374320/bus-met-az-supporters-botst-onderweg-naar-knvb-bekerfinale,94,nl,repository\telegraaf_nl\page_95.html
https://www.telegraaf.nl/video/117206355/real-housewife-ontwijkt-vraag-dat-zeg-ik-niet,97,nl,repository\telegraaf_nl\page_96.html
https://www.telegraaf.nl/vrouw/dagboek-van-een-minnares,148,nl,repository\telegraaf_nl\page_97.html
https://www.telegraaf.nl/nieuws/330265435/brussel-dreigt-naar-rechter-te-stappen-om-ns-monopolie-kan-miljardenstrop-worden-voor-belastingbetaler,103,nl,repository\telegraaf_nl\page_98.html
https://www.telegraaf.nl/video/2032361604/deze-man-heeft-krankzinnige-data,94,nl,repository\telegraaf_nl\page_99.html
https://www.telegraaf.nl/sport/tennis,150,nl,repository\telegraaf_nl\page_100.html
https://www.telegraaf.nl/podcast,106,nl,repository\telegraaf_nl\page_101.html
https://www.telegraaf.nl/video/507219801/hieraan-zag-je-dat-eva-simons-het-lastig-had,94,nl,repository\telegraaf_nl\page_102.html
https://www.telegraaf.nl/sport/scorebord,82,nl,repository\telegraaf_nl\page_103.html
https://www.telegraaf.nl/entertainment/306834239/janouk-grietje-roekevisch-nam-afscheid-van-succesvolle-boer-harm-een-leven-als-sidekick-past-hier-niet-meer-bij,99,nl,repository\telegraaf_nl\page_104.html
https://www.telegraaf.nl/vrouw/833900734/natuurlijke-vormen-van-anticonceptie-steeds-populairder-is-wantrouwen-jegens-hormonen-terecht,94,nl,repository\telegraaf_nl\page_105.html
https://www.telegraaf.nl/lifestyle/wetenschap,147,nl,repository\telegraaf_nl\page_106.html
https://www.telegraaf.nl/watuzegt/579835117/bart-nijman-gezagscrisis-begint-op-een-gijzelingssituatie-te-lijken,100,nl,repository\telegraaf_nl\page_107.html
https://www.telegraaf.nl/video/1384614878/beelden-zo-verliep-laatste-optreden-paus-franciscus-tijdens-pasen,95,nl,repository\telegraaf_nl\page_108.html
https://www.telegraaf.nl/financieel/1679199745/topman-easy-jet-reizigers-betalen-te-veel-op-schiphol-door-buitensporig-hoge-belastingen,106,nl,repository\telegraaf_nl\page_109.html
https://www.telegraaf.nl/financieel/1616041601/is-boodschappenbonus-uit-voorjaarsakkoord-echt-een-bonus-middeninkomens-hebben-hier-niets-aan,99,nl,repository\telegraaf_nl\page_110.html
https://www.telegraaf.nl/financieel/1817916068/goudprijs-stijgt-naar-record-na-inzakken-dollar-en-aanval-trump-op-centrale-bank-baas-jerome-powell,104,nl,repository\telegraaf_nl\page_111.html
https://www.telegraaf.nl/nieuws/1292399752/trump-neemt-het-op-voor-defensieminister-pete-hegseth-na-signal-onthulling-vraag-de-houthi-s-maar-hoe-disfunctioneel-het-hier-is,98,nl,repository\telegraaf_nl\page_112.html
https://www.telegraaf.nl/entertainment/917566362/noorse-koningin-sonja-87-opgenomen-in-ziekenhuis-met-ademhalingsproblemen,100,nl,repository\telegraaf_nl\page_113.html
https://www.telegraaf.nl/entertainment/1529212901/sint-willebrord-is-een-facade-vol-roze-limousines-opgespoten-lippen-en-opgepompte-borsten,95,nl,repository\telegraaf_nl\page_114.html
https://www.telegraaf.nl/lifestyle/culinair,145,nl,repository\telegraaf_nl\page_115.html
https://www.telegraaf.nl/weer,80,nl,repository\telegraaf_nl\page_116.html
https://www.telegraaf.nl/video/1398340118/nabestaande-verkeersslachtoffer-mijn-leven-is-verwoest,98,nl,repository\telegraaf_nl\page_117.html
https://www.telegraaf.nl/lifestyle/reizen,146,nl,repository\telegraaf_nl\page_118.html
https://www.telegraaf.nl/puzzels/minikruis/detail,97,nl,repository\telegraaf_nl\page_119.html
https://www.telegraaf.nl/sport/459696555/go-ahead-eagles-trainer-paul-simonis-in-extase-na-mooiste-dag-van-mijn-leven-we-waren-dood-en-begraven,95,nl,repository\telegraaf_nl\page_120.html
https://www.telegraaf.nl/video/342294154/nabestaande-cold-case-aangedaan-geen-hoop-meer-als-politie-gegevens-verwijdert,97,nl,repository\telegraaf_nl\page_121.html
https://www.telegraaf.nl/nieuws/474288415/nederlandse-joke-47-die-ezelmishandelaar-in-egypte-belaagde-krijgt-doodsbedreigingen-het-was-zelfverdediging,101,nl,repository\telegraaf_nl\page_122.html
https://www.telegraaf.nl/podcast/1675201091/dit-is-het-duurste-tv-programma-van-nederland,191,nl,repository\telegraaf_nl\page_123.html
https://www.telegraaf.nl/video/entertainment,158,nl,repository\telegraaf_nl\page_124.html
https://www.cnn.com/,252,en,repository\cnn_com\page_0.html
https://www.cnn.com/world/australia,157,en,repository\cnn_com\page_1.html
https://www.cnn.com/climate/solutions,167,en,repository\cnn_com\page_2.html
https://www.cnn.com/politics/live-news/trump-presidency-04-21-25/index.html,184,en,repository\cnn_com\page_3.html
https://www.cnn.com/2025/04/21/us/nadine-menendez-convicted-bribery/index.html,132,en,repository\cnn_com\page_4.html
https://www.cnn.com/audio/podcasts/axe-files,33,en,repository\cnn_com\page_5.html
https://www.cnn.com/cnn10,19,en,repository\cnn_com\page_6.html
https://www.cnn.com/2025/04/21/style/benidorm-spain-holiday-photography/index.html,134,en,repository\cnn_com\page_7.html
https://www.cnn.com/2025/04/21/health/food-dye-removed-hhs-wellness/index.html,140,en,repository\cnn_com\page_8.html
https://www.cnn.com/business/tech/innovate,143,en,repository\cnn_com\page_9.html
https://www.cnn.com/business/markets-now,128,en,repository\cnn_com\page_10.html
https://www.cnn.com/sports,201,en,repository\cnn_com\page_11.html
https://www.cnn.com/2025/04/21/health/cancer-women-diagnosis/index.html,139,en,repository\cnn_com\page_12.html
https://www.cnn.com/2022/04/14/success/savings-mistakes/index.html,142,en,repository\cnn_com\page_13.html
https://www.cnn.com/2025/04/21/europe/putin-easter-truce-ukraine-analysis-intl/index.html,138,en,repository\cnn_com\page_14.html
https://www.cnn.com/world/united-kingdom,174,en,repository\cnn_com\page_15.html
https://www.cnn.com/health/life-but-better/fitness,176,en,repository\cnn_com\page_16.html
https://www.cnn.com/style/luxury,160,en,repository\cnn_com\page_17.html
https://www.cnn.com/2025/04/21/politics/byron-donalds-doge-town-hall/index.html,131,en,repository\cnn_com\page_18.html
https://www.cnn.com/world/americas/peru-maranon-river-goldman-prize-c2e-spc/index.html,139,en,repository\cnn_com\page_19.html
https://cnnespanol.cnn.com/?hpt=header_edition-picker,207,es,repository\cnn_com\page_20.html
https://www.cnn.com/entertainment/tv-shows,146,en,repository\cnn_com\page_21.html
https://www.cnn.com/games/play/sudoblock,103,en,repository\cnn_com\page_22.html
https://www.cnn.com/politics,182,en,repository\cnn_com\page_23.html
https://www.cnn.com/business/tech/mission-ahead,139,en,repository\cnn_com\page_24.html
https://www.cnn.com/style/arts,168,en,repository\cnn_com\page_25.html
https://www.cnn.com/2025/04/17/health/video/cancer-treatment-labgenius-ai-robots-spc-digvid,135,en,repository\cnn_com\page_26.html
https://www.cnn.com/profiles,386,en,repository\cnn_com\page_27.html
https://www.cnn.com/world/americas,151,en,repository\cnn_com\page_28.html
https://www.cnn.com/2025/04/21/politics/white-house-easter-egg-roll-big-tech-branding/index.html,133,en,repository\cnn_com\page_29.html
https://www.cnn.com/business/financial-calculators,149,en,repository\cnn_com\page_30.html
https://www.cnn.com/2025/04/21/politics/post-office-mail-not-delivered-because-person-is-black-lawsuit/index.html,134,en,repository\cnn_com\page_31.html
https://www.cnn.com/2025/04/18/health/posture-muscle-imbalances-in-workouts-wellness/index.html,151,en,repository\cnn_com\page_32.html
https://www.cnn.com/live-tv,176,en,repository\cnn_com\page_33.html
https://www.cnn.com/2025/04/21/world/gallery/pope-francis-death-reaction/index.html,131,en,repository\cnn_com\page_34.html
https://www.cnn.com/2025/04/21/health/puberty-conversations-mott-poll-wellness/index.html,140,en,repository\cnn_com\page_35.html
https://www.cnn.com/audio/podcasts/tug-of-war,33,en,repository\cnn_com\page_36.html
https://www.cnn.com/world/middleeast/israel,147,en,repository\cnn_com\page_37.html
https://www.cnn.com/games/play/cnn-crossword,103,en,repository\cnn_com\page_38.html
https://www.cnn.com/2025/04/21/sport/shannon-sharpe-sued-sexual-assault-battery/index.html,139,en,repository\cnn_com\page_39.html
https://www.cnn.com/world/live-news/pope-francis-death-04-21-25/index.html,173,en,repository\cnn_com\page_40.html
https://www.cnn.com/2025/04/17/politics/immigration-court-minors/index.html,134,en,repository\cnn_com\page_41.html
https://www.cnn.com/2025/04/21/travel/passengers-evacuate-on-orlando-tarmac-after-engine-fire/index.html,132,en,repository\cnn_com\page_42.html
https://edition.cnn.com?hpt=header_edition-picker,212,en,repository\cnn_com\page_43.html
https://www.cnn.com/travel,170,en,repository\cnn_com\page_44.html
https://www.cnn.com/2025/04/21/investing/us-stock-market-investing-overseas/index.html,152,en,repository\cnn_com\page_45.html
https://www.cnn.com/politics/supreme-court,144,en,repository\cnn_com\page_46.html
https://www.cnn.com/2025/04/21/world/video/pope-conclave-process-digvid,131,en,repository\cnn_com\page_47.html
https://www.cnn.com/2025/04/20/health/marijuana-dementia-wellness/index.html,148,en,repository\cnn_com\page_48.html
https://www.cnn.com/follow?iid=fw_var-nav,129,en,repository\cnn_com\page_49.html
https://www.cnn.com/about,130,en,repository\cnn_com\page_50.html
https://www.cnn.com/games?utm_source=games_acq_web_homepage_morezone,105,en,repository\cnn_com\page_51.html
https://www.cnn.com/2025/04/20/us/harvard-white-house-funding/index.html,163,en,repository\cnn_com\page_52.html
https://www.cnn.com/world/india,174,en,repository\cnn_com\page_53.html
https://www.cnn.com/style/beauty,167,en,repository\cnn_com\page_54.html
https://www.cnn.com/science/life,161,en,repository\cnn_com\page_55.html
https://www.cnn.com/terms,0,unknown,repository\cnn_com\page_56.html
https://www.cnn.com/2025/04/21/entertainment/billy-ray-cyrus-elizabeth-hurley/index.html,134,en,repository\cnn_com\page_57.html
https://www.cnn.com/2025/04/19/health/living-for-weekends-fulfilling-weekday-wellness/index.html,141,en,repository\cnn_com\page_58.html
https://www.cnn.com/world/europe/ukraine,162,en,repository\cnn_com\page_59.html
https://www.cnn.com/style/fashion,167,en,repository\cnn_com\page_60.html
https://www.cnn.com/audio/podcasts/one-thing/episodes/8f9d711c-29c6-11ef-8cc2-db0be4b02e71,24,en,repository\cnn_com\page_61.html
https://www.cnn.com/audio/podcasts/5-good-things/episodes/ae586f20-2fdf-11ef-89ae-53fa5a4dc453,24,en,repository\cnn_com\page_62.html
https://www.cnn.com/2025/04/18/style/catherine-princess-of-wales-hat/index.html,135,en,repository\cnn_com\page_63.html
https://www.cnn.com/politics/live-news/trump-tariffs-cnn-town-hall-04-10-25/index.html,196,en,repository\cnn_com\page_64.html
https://www.cnn.com/travel/food-and-drink,151,en,repository\cnn_com\page_65.html
https://www.cnn.com/wbd/10-spring-weeknight-dinnersthat-are-fresh-and-flavorful/index.html,130,en,repository\cnn_com\page_66.html
https://www.cnn.com/videos/fast/cnn-headlines,125,en,repository\cnn_com\page_67.html
https://www.cnn.com/travel/thailand-white-lotus-season-3-locations-intl-hnk/index.html,139,en,repository\cnn_com\page_68.html
https://www.cnn.com/2025/04/06/business/roth-conversions-401k-ira/index.html,143,en,repository\cnn_com\page_69.html
https://www.cnn.com/health/life-but-better/sleep,171,en,repository\cnn_com\page_70.html
https://www.cnn.com/videos,125,en,repository\cnn_com\page_71.html
https://www.cnn.com/2025/04/21/us/video/fsu-shooting-survivor-madison-askins-digvid,131,en,repository\cnn_com\page_72.html
https://www.cnn.com/2025/04/18/health/fathers-finding-calm-jett-stone-wellness/index.html,141,en,repository\cnn_com\page_73.html
https://www.cnn.com/ad-choices,2,en,repository\cnn_com\page_74.html
https://www.cnn.com/2025/04/21/entertainment/pedro-pascal-last-of-us-upcoming-projects/index.html,136,en,repository\cnn_com\page_75.html
https://www.cnn.com/2025/04/21/europe/ukraine-russia-attacks-us-peace-proposal-intl-hnk/index.html,138,en,repository\cnn_com\page_76.html
https://www.cnn.com/wbd/how-to-make-exterior-wood-window-shutters/index.html,129,en,repository\cnn_com\page_77.html
https://www.cnn.com,252,en,repository\cnn_com\page_78.html
https://www.cnn.com/audio/podcasts/one-thing/episodes/f1b9a334-1e8a-11f0-8727-b3410e30ff35,24,en,repository\cnn_com\page_79.html
https://www.cnn.com/travel/videos,167,en,repository\cnn_com\page_80.html
https://www.cnn.com/audio/podcasts/one-thing,33,en,repository\cnn_com\page_81.html
https://www.cnn.com/travel/berlin-party-capital-europe-gen-z/index.html,134,en,repository\cnn_com\page_82.html
https://www.cnn.com/2025/04/21/americas/ecuador-cocaine-coast-smuggling-latam/index.html,141,en,repository\cnn_com\page_83.html
https://www.cnn.com/audio/podcasts/all-there-is-with-anderson-cooper,33,en,repository\cnn_com\page_84.html
https://www.cnn.com/2025/04/21/business/trump-fed-powell-nightcap/index.html,143,en,repository\cnn_com\page_85.html
https://www.cnn.com/2025/04/21/world/video/cardinal-dolan-archbishop-new-york-pope-francis-intv-ebof-digvid,133,en,repository\cnn_com\page_86.html
https://www.cnn.com/2025/04/21/travel/key-safety-notification-system-for-pilots-to-be-replaced-years-ahead-of-schedule/index.html,134,en,repository\cnn_com\page_87.html
https://www.cnn.com/business,188,en,repository\cnn_com\page_88.html
https://www.cnn.com/2025/04/21/us/nih-bans-grants-universities-dei-programs/index.html,140,en,repository\cnn_com\page_89.html
https://www.cnn.com/accessibility,127,en,repository\cnn_com\page_90.html
https://www.cnn.com/video,125,en,repository\cnn_com\page_91.html
https://www.cnn.com/entertainment,159,en,repository\cnn_com\page_92.html
https://www.cnn.com/world/africa,189,en,repository\cnn_com\page_93.html
https://www.cnn.com/2025/04/21/politics/video/elon-musk-doge-oversight-byron-donalds-town-hall-florida-digvid,129,en,repository\cnn_com\page_94.html
https://www.cnn.com/specials/tv/all-shows,163,en,repository\cnn_com\page_95.html
https://www.cnn.com/audio/podcasts/the-assignment/episodes/8e7e25ac-4b94-11ef-ba2a-fb5072dd2878,25,en,repository\cnn_com\page_96.html
https://www.cnn.com/entertainment/movies,146,en,repository\cnn_com\page_97.html
https://www.cnn.com/2025/04/17/world/gallery/photos-this-week-april-10-april-17/index.html,152,en,repository\cnn_com\page_98.html
https://www.cnn.com/world/europe,176,en,repository\cnn_com\page_99.html
https://www.cnn.com/transcripts,45,en,repository\cnn_com\page_100.html
https://www.cnn.com/games/play/jumble-crossword-daily,103,en,repository\cnn_com\page_101.html
https://www.cnn.com/2025/04/21/politics/education-department-resume-collecting-student-loans-default/index.html,136,en,repository\cnn_com\page_102.html
https://www.cnn.com/2025/04/21/world/video/jose-levy-pope-francis-death-emotional-reaction-digvid,131,en,repository\cnn_com\page_103.html
https://www.cnn.com/2025/04/15/style/american-psycho-morning-routine-25-years/index.html,135,en,repository\cnn_com\page_104.html
https://www.cnn.com/2025/04/11/entertainment/video/jonathan-stanley-book-signing-viral-tiktok-taylor-dinelli-digvid,129,en,repository\cnn_com\page_105.html
https://www.cnn.com/2025/04/21/entertainment/timothee-chalamet-mother-nicole-flender/index.html,131,en,repository\cnn_com\page_106.html
https://www.cnn.com/weather/video,177,en,repository\cnn_com\page_107.html
https://www.cnn.com/audio,80,en,repository\cnn_com\page_108.html
https://www.cnn.com/world/middle-east,151,en,repository\cnn_com\page_109.html
https://www.cnn.com/2025/04/17/us/gallery/oklahoma-city-bombing/index.html,130,en,repository\cnn_com\page_110.html
https://www.cnn.com/markets/premarkets,146,en,repository\cnn_com\page_111.html
https://www.cnn.com/science,160,en,repository\cnn_com\page_112.html
https://www.cnn.com/account/settings,129,en,repository\cnn_com\page_113.html
https://www.cnn.com/business/media,154,en,repository\cnn_com\page_114.html
https://www.cnn.com/2025/04/20/travel/nepal-mount-everest-drone-technology-intl-hnk/index.html,133,en,repository\cnn_com\page_115.html
https://www.cnn.com/us/crime-and-justice,156,en,repository\cnn_com\page_116.html
https://www.cnn.com/subscription/video/flashdocs/library,138,en,repository\cnn_com\page_117.html
https://www.cnn.com/2022/07/26/world/gallery/pope-francis/index.html,153,en,repository\cnn_com\page_118.html
https://www.cnn.com/style,194,en,repository\cnn_com\page_119.html
https://www.cnn.com/business/markets/nightcap,171,en,repository\cnn_com\page_120.html
https://www.cnn.com/subscription?source=sub_web_footerlink-link,123,en,repository\cnn_com\page_121.html
https://www.cnn.com/2025/04/21/us/karen-read-trial-timeline/index.html,141,en,repository\cnn_com\page_122.html
https://www.cnn.com/sport/paris-olympics-2024,177,en,repository\cnn_com\page_123.html
https://www.cnn.com/profiles/cnn-leadership,137,en,repository\cnn_com\page_124.html
